{
"type": "FeatureCollection",
"name": "soccer",
"crs": { "type": "name", "properties": { "name": "urn:ogc:def:crs:OGC:1.3:CRS84" } },
"features": [
{ "type": "Feature", "properties": { "facility_id": "535" }, "geometry": { "type": "Polygon", "coordinates": [ [ [ -73.767665986017079, 40.737804841459095 ], [ -73.765934760574751, 40.738416048724076 ], [ -73.765452720107888, 40.737426286491186 ], [ -73.766057531139339, 40.737351273155475 ], [ -73.766337145875966, 40.737211114407017 ], [ -73.766099891063334, 40.736884368695669 ], [ -73.766689644102485, 40.736635391392078 ], [ -73.767665986017079, 40.737804841459095 ] ] ] } },
{ "type": "Feature", "properties": { "facility_id": "536" }, "geometry": { "type": "Polygon", "coordinates": [ [ [ -73.933814571259234, 40.606365790293999 ], [ -73.933442520471175, 40.606029929290919 ], [ -73.934424650039944, 40.605388605347841 ], [ -73.934800116928585, 40.605726816393336 ], [ -73.933814571259234, 40.606365790293999 ] ] ] } },
{ "type": "Feature", "properties": { "facility_id": "537" }, "geometry": { "type": "Polygon", "coordinates": [ [ [ -73.935110228702612, 40.605524237562747 ], [ -73.934720813549205, 40.60519668988821 ], [ -73.935652070755737, 40.604597939217555 ], [ -73.936044403135227, 40.604905615359471 ], [ -73.935110228702612, 40.605524237562747 ] ] ] } },
{ "type": "Feature", "properties": { "facility_id": "1026" }, "geometry": { "type": "Polygon", "coordinates": [ [ [ -73.973485263943147, 40.618610720274013 ], [ -73.9731015145219, 40.618760734400411 ], [ -73.972786530449525, 40.618292077956042 ], [ -73.973154859257818, 40.618151197956905 ], [ -73.973485263943147, 40.618610720274013 ] ] ] } },
{ "type": "Feature", "properties": { "facility_id": "1028" }, "geometry": { "type": "Polygon", "coordinates": [ [ [ -74.162873291155435, 40.617091550476644 ], [ -74.162618044502125, 40.617508943700976 ], [ -74.161547141813131, 40.617145328807716 ], [ -74.161793058592778, 40.616724767738724 ], [ -74.162873291155435, 40.617091550476644 ] ] ] } },
{ "type": "Feature", "properties": { "facility_id": "1036" }, "geometry": { "type": "Polygon", "coordinates": [ [ [ -73.919157000577684, 40.625896184151394 ], [ -73.919122129953976, 40.62534100416589 ], [ -73.91955672732945, 40.625331461887164 ], [ -73.919593226423231, 40.625878025799302 ], [ -73.919157000577684, 40.625896184151394 ] ] ] } },
{ "type": "Feature", "properties": { "facility_id": "1168" }, "geometry": { "type": "Polygon", "coordinates": [ [ [ -73.934942184419299, 40.692654109089801 ], [ -73.934992979034362, 40.692606817626569 ], [ -73.93523205788749, 40.692573058910128 ], [ -73.935243966819641, 40.692635189314359 ], [ -73.935239088201229, 40.692674942424738 ], [ -73.935224696505671, 40.692713335808804 ], [ -73.935201281602431, 40.692749063094375 ], [ -73.935169639699126, 40.692780907230606 ], [ -73.935130848456893, 40.692807782799406 ], [ -73.935086231460289, 40.692828775618814 ], [ -73.935037303766791, 40.692843171529873 ], [ -73.934979272783522, 40.692850874166076 ], [ -73.934942184419299, 40.692654109089801 ] ] ] } },
{ "type": "Feature", "properties": { "facility_id": "1223" }, "geometry": { "type": "Polygon", "coordinates": [ [ [ -73.973702507632282, 40.662620081888953 ], [ -73.973027510490766, 40.662579528438322 ], [ -73.973111253421493, 40.661674882157179 ], [ -73.973780845769824, 40.661711841731282 ], [ -73.973702507632282, 40.662620081888953 ] ] ] } },
{ "type": "Feature", "properties": { "facility_id": "1224" }, "geometry": { "type": "Polygon", "coordinates": [ [ [ -73.974792573065969, 40.661974525172909 ], [ -73.974116496143154, 40.661946368975961 ], [ -73.974171587957741, 40.661040450183485 ], [ -73.974842150015164, 40.661065111752457 ], [ -73.974792573065969, 40.661974525172909 ] ] ] } },
{ "type": "Feature", "properties": { "facility_id": "1225" }, "geometry": { "type": "Polygon", "coordinates": [ [ [ -73.975937972491536, 40.661798765453142 ], [ -73.975263021864365, 40.661839683130822 ], [ -73.975158595891571, 40.660936286009147 ], [ -73.975827467419364, 40.660892467101093 ], [ -73.975937972491536, 40.661798765453142 ] ] ] } },
{ "type": "Feature", "properties": { "facility_id": "1243" }, "geometry": { "type": "Polygon", "coordinates": [ [ [ -74.088034462979707, 40.571622068157382 ], [ -74.088976734493244, 40.570606335945996 ], [ -74.089656287875911, 40.571010547727006 ], [ -74.088678671289898, 40.572031387228662 ], [ -74.088034462979707, 40.571622068157382 ] ] ] } },
{ "type": "Feature", "properties": { "facility_id": "1247" }, "geometry": { "type": "Polygon", "coordinates": [ [ [ -73.894845045265967, 40.628789761854392 ], [ -73.893652922708924, 40.629542024385735 ], [ -73.893160841967273, 40.629082820655 ], [ -73.894334421466453, 40.628339015544519 ], [ -73.894845045265967, 40.628789761854392 ] ] ] } },
{ "type": "Feature", "properties": { "facility_id": "1248" }, "geometry": { "type": "Polygon", "coordinates": [ [ [ -73.992065975171727, 40.579072079895866 ], [ -73.993746836156049, 40.578900944524761 ], [ -73.993774603903319, 40.578918160450961 ], [ -73.993902877536485, 40.579476765099734 ], [ -73.993812881235385, 40.579453886978058 ], [ -73.993755369358439, 40.579583498990708 ], [ -73.993171391017825, 40.579466623673532 ], [ -73.993165152197861, 40.579435397631805 ], [ -73.99297426264198, 40.579387797924447 ], [ -73.993004994191566, 40.579287770489927 ], [ -73.992065975171727, 40.579072079895866 ] ] ] } },
{ "type": "Feature", "properties": { "facility_id": "1253" }, "geometry": { "type": "Polygon", "coordinates": [ [ [ -73.990106434337861, 40.581727736895616 ], [ -73.990598634695999, 40.581946699171745 ], [ -73.990210920047176, 40.582500222375131 ], [ -73.98969820747709, 40.582282820821916 ], [ -73.990106434337861, 40.581727736895616 ] ] ] } },
{ "type": "Feature", "properties": { "facility_id": "1258" }, "geometry": { "type": "Polygon", "coordinates": [ [ [ -73.928433554699538, 40.665336065691505 ], [ -73.927684713004211, 40.665794372573743 ], [ -73.927331918468028, 40.665444260089615 ], [ -73.92808334844824, 40.664984945824301 ], [ -73.928433554699538, 40.665336065691505 ] ] ] } },
{ "type": "Feature", "properties": { "facility_id": "1263" }, "geometry": { "type": "Polygon", "coordinates": [ [ [ -73.989462826985857, 40.583225630741147 ], [ -73.989955036273201, 40.583444595744048 ], [ -73.989567307594157, 40.583998116698609 ], [ -73.989054585619755, 40.583780712303479 ], [ -73.989462826985857, 40.583225630741147 ] ] ] } },
{ "type": "Feature", "properties": { "facility_id": "1270" }, "geometry": { "type": "Polygon", "coordinates": [ [ [ -74.019534161177603, 40.606424934107032 ], [ -74.018428187469937, 40.606148135181904 ], [ -74.019037418197399, 40.60481971669369 ], [ -74.020162912083762, 40.60510246331885 ], [ -74.019534161177603, 40.606424934107032 ] ] ] } },
{ "type": "Feature", "properties": { "facility_id": "1274" }, "geometry": { "type": "Polygon", "coordinates": [ [ [ -74.014406885239183, 40.613306590493515 ], [ -74.013940252855562, 40.613765535555878 ], [ -74.013868699452331, 40.613772125219036 ], [ -74.013112500814131, 40.613311033719235 ], [ -74.013600138284417, 40.612809194989957 ], [ -74.014406885239183, 40.613306590493515 ] ] ] } },
{ "type": "Feature", "properties": { "facility_id": "1370" }, "geometry": { "type": "Polygon", "coordinates": [ [ [ -73.878940194139957, 40.897191483814105 ], [ -73.878230207120595, 40.897394682502785 ], [ -73.878120738523805, 40.897160887564681 ], [ -73.878830098180245, 40.896956927073852 ], [ -73.878940194139957, 40.897191483814105 ] ] ] } },
{ "type": "Feature", "properties": { "facility_id": "1679" }, "geometry": { "type": "Polygon", "coordinates": [ [ [ -73.787616904432156, 40.669637951206276 ], [ -73.786902921692672, 40.6695406527842 ], [ -73.787124524184932, 40.668565280448064 ], [ -73.787846860062913, 40.668675391094204 ], [ -73.787616904432156, 40.669637951206276 ] ] ] } },
{ "type": "Feature", "properties": { "facility_id": "1682" }, "geometry": { "type": "Polygon", "coordinates": [ [ [ -74.15625278199586, 40.606736912497816 ], [ -74.154969671106201, 40.60661008202613 ], [ -74.155075780511652, 40.605986565283764 ], [ -74.156367701966502, 40.606114265989653 ], [ -74.15625278199586, 40.606736912497816 ] ] ] } },
{ "type": "Feature", "properties": { "facility_id": "1896" }, "geometry": { "type": "Polygon", "coordinates": [ [ [ -73.929295618121145, 40.873959152170869 ], [ -73.929308484215156, 40.87394302960891 ], [ -73.929328396578953, 40.873931764991852 ], [ -73.929352428009125, 40.873927013422424 ], [ -73.929377049677697, 40.873929473318242 ], [ -73.9295472796247, 40.873982020898076 ], [ -73.929572738797788, 40.874003577915246 ], [ -73.929581036792811, 40.874031834893593 ], [ -73.929574923282928, 40.874052405515599 ], [ -73.929338765424589, 40.874458217396857 ], [ -73.929309715643313, 40.874479723071488 ], [ -73.929270236762235, 40.874486844254442 ], [ -73.929252509409451, 40.874484746957243 ], [ -73.929078164097959, 40.874427889384485 ], [ -73.929055746112027, 40.874410171109197 ], [ -73.92904834526243, 40.874386256799937 ], [ -73.92905188829296, 40.874372279801378 ], [ -73.929295618121145, 40.873959152170869 ] ] ] } },
{ "type": "Feature", "properties": { "facility_id": "1900" }, "geometry": { "type": "Polygon", "coordinates": [ [ [ -73.740501722396999, 40.7428820435969 ], [ -73.739238007341726, 40.743118514501724 ], [ -73.739070751757993, 40.742601445066697 ], [ -73.740344002656684, 40.742363190174522 ], [ -73.740501722396999, 40.7428820435969 ] ] ] } },
{ "type": "Feature", "properties": { "facility_id": "1903" }, "geometry": { "type": "Polygon", "coordinates": [ [ [ -73.925880290443629, 40.595726607000785 ], [ -73.92536945022205, 40.595236791702199 ], [ -73.925840491833782, 40.594933660013425 ], [ -73.926371677607619, 40.59541905659664 ], [ -73.925880290443629, 40.595726607000785 ] ] ] } },
{ "type": "Feature", "properties": { "facility_id": "1904" }, "geometry": { "type": "Polygon", "coordinates": [ [ [ -73.925328840624616, 40.595174749002773 ], [ -73.924533528446673, 40.594449969382779 ], [ -73.925094705402785, 40.594089313235784 ], [ -73.925895819340099, 40.594825167369855 ], [ -73.925328840624616, 40.595174749002773 ] ] ] } },
{ "type": "Feature", "properties": { "facility_id": "1953" }, "geometry": { "type": "Polygon", "coordinates": [ [ [ -73.929830655449592, 40.682981842197606 ], [ -73.929805434248124, 40.682965238440744 ], [ -73.929754570962771, 40.68271399002176 ], [ -73.930269164105852, 40.682660932233574 ], [ -73.930325226299018, 40.682923053681868 ], [ -73.929830655449592, 40.682981842197606 ] ] ] } },
{ "type": "Feature", "properties": { "facility_id": "1971" }, "geometry": { "type": "Polygon", "coordinates": [ [ [ -73.928176254767394, 40.596488881628105 ], [ -73.927266604327315, 40.597081900846845 ], [ -73.926696504515505, 40.596563833416837 ], [ -73.92760925037058, 40.59596878004735 ], [ -73.928176254767394, 40.596488881628105 ] ] ] } },
{ "type": "Feature", "properties": { "facility_id": "1973" }, "geometry": { "type": "Polygon", "coordinates": [ [ [ -73.893669598101951, 40.65401904418087 ], [ -73.893745740814467, 40.65403119859554 ], [ -73.89415492460526, 40.654592105842546 ], [ -73.893992168107218, 40.654639608646889 ], [ -73.89384445649408, 40.654669969344731 ], [ -73.893711817901121, 40.654664128562857 ], [ -73.893599220532053, 40.654646869594515 ], [ -73.893504161264985, 40.654618190180798 ], [ -73.8934316166835, 40.654595249838707 ], [ -73.893369104945776, 40.654558975781363 ], [ -73.893314099709187, 40.654524615048814 ], [ -73.893266610791031, 40.654484542977357 ], [ -73.893211641099128, 40.654427309077938 ], [ -73.893159159394003, 40.654379607642134 ], [ -73.893071760547656, 40.654255630490169 ], [ -73.893669598101951, 40.65401904418087 ] ] ] } },
{ "type": "Feature", "properties": { "facility_id": "1975" }, "geometry": { "type": "Polygon", "coordinates": [ [ [ -73.885585256718031, 40.659588128699859 ], [ -73.885158883114556, 40.6589859583097 ], [ -73.885161107682805, 40.658965174788754 ], [ -73.885463550954725, 40.658841104087493 ], [ -73.885873059710917, 40.65867853909193 ], [ -73.886303790446235, 40.659279387398229 ], [ -73.885585256718031, 40.659588128699859 ] ] ] } },
{ "type": "Feature", "properties": { "facility_id": "3526" }, "geometry": { "type": "Polygon", "coordinates": [ [ [ -73.907358915754983, 40.660941722693785 ], [ -73.90720916805931, 40.66096373039575 ], [ -73.907166276198751, 40.660970033626036 ], [ -73.907146195374921, 40.660969445589963 ], [ -73.907070336080082, 40.660951839559289 ], [ -73.907006180785345, 40.66091859555943 ], [ -73.90695520473929, 40.660890468115603 ], [ -73.906908618191181, 40.660855612837651 ], [ -73.906849352379538, 40.660616043567963 ], [ -73.907318856191893, 40.660541102678799 ], [ -73.907416832100893, 40.660931616895837 ], [ -73.907416843863643, 40.660931661931137 ], [ -73.907417229662812, 40.660933152597103 ], [ -73.907358915754983, 40.660941722693785 ] ] ] } },
{ "type": "Feature", "properties": { "facility_id": "3532" }, "geometry": { "type": "Polygon", "coordinates": [ [ [ -74.013496990934286, 40.619002201561536 ], [ -74.013792161426892, 40.618724821499846 ], [ -74.014141285772638, 40.618933589091782 ], [ -74.014117841066536, 40.618953298965458 ], [ -74.014173053787175, 40.618992032566041 ], [ -74.013908995550324, 40.61925318155739 ], [ -74.013496990934286, 40.619002201561536 ] ] ] } },
{ "type": "Feature", "properties": { "facility_id": "3557" }, "geometry": { "type": "Polygon", "coordinates": [ [ [ -73.928834612587423, 40.770500275329233 ], [ -73.928473865091235, 40.770956350596514 ], [ -73.92799436114575, 40.770738402036173 ], [ -73.928147894180356, 40.770541583871584 ], [ -73.928481359336971, 40.770521737125776 ], [ -73.928588573473803, 40.77038638049563 ], [ -73.928834612587423, 40.770500275329233 ] ] ] } },
{ "type": "Feature", "properties": { "facility_id": "3592" }, "geometry": { "type": "Polygon", "coordinates": [ [ [ -74.203077767789395, 40.533035515596772 ], [ -74.202461680574402, 40.533203842031874 ], [ -74.202287365198643, 40.532832418635422 ], [ -74.202903449428916, 40.532664093130855 ], [ -74.203077767789395, 40.533035515596772 ] ] ] } },
{ "type": "Feature", "properties": { "facility_id": "3593" }, "geometry": { "type": "Polygon", "coordinates": [ [ [ -73.970950898803025, 40.576753078811208 ], [ -73.970893771311708, 40.576999059671138 ], [ -73.970645665164696, 40.576965933795684 ], [ -73.970702257548751, 40.576719505361119 ], [ -73.970950898803025, 40.576753078811208 ] ] ] } },
{ "type": "Feature", "properties": { "facility_id": "3595" }, "geometry": { "type": "Polygon", "coordinates": [ [ [ -73.894728827855701, 40.642820549425409 ], [ -73.894641928915703, 40.642820469843649 ], [ -73.894251779107094, 40.642458761410516 ], [ -73.894778051720465, 40.642110316473136 ], [ -73.895109794877712, 40.642408733635357 ], [ -73.894802358448743, 40.642613661259624 ], [ -73.894898197126594, 40.642707424470217 ], [ -73.894728827855701, 40.642820549425409 ] ] ] } },
{ "type": "Feature", "properties": { "facility_id": "3597" }, "geometry": { "type": "Polygon", "coordinates": [ [ [ -73.92689771141464, 40.61762906823995 ], [ -73.927577904649709, 40.617583462346118 ], [ -73.927639757951169, 40.617619273593185 ], [ -73.927705041549757, 40.618251221027528 ], [ -73.926969674252433, 40.618300075035052 ], [ -73.92689771141464, 40.61762906823995 ] ] ] } },
{ "type": "Feature", "properties": { "facility_id": "3599" }, "geometry": { "type": "Polygon", "coordinates": [ [ [ -73.913132022797967, 40.620156770121589 ], [ -73.913399086069276, 40.620392047186073 ], [ -73.913021707693062, 40.620637284786689 ], [ -73.912945884580964, 40.620635864905836 ], [ -73.912508127788414, 40.620184158200402 ], [ -73.912483157540393, 40.620057024366041 ], [ -73.913342460565914, 40.620003695410929 ], [ -73.913132022797967, 40.620156770121589 ] ] ] } },
{ "type": "Feature", "properties": { "facility_id": "3600" }, "geometry": { "type": "Polygon", "coordinates": [ [ [ -73.911884661656842, 40.636213387857268 ], [ -73.911504071150219, 40.635871144055969 ], [ -73.911807533302834, 40.635683561279869 ], [ -73.912189422564708, 40.636022849570601 ], [ -73.911884661656842, 40.636213387857268 ] ] ] } },
{ "type": "Feature", "properties": { "facility_id": "3601" }, "geometry": { "type": "Polygon", "coordinates": [ [ [ -73.915103924818254, 40.64978310654125 ], [ -73.914616242927934, 40.650091118886962 ], [ -73.91454775880473, 40.650087342581273 ], [ -73.91408428869282, 40.649649875063922 ], [ -73.914588968944329, 40.649330978614557 ], [ -73.915103924818254, 40.64978310654125 ] ] ] } },
{ "type": "Feature", "properties": { "facility_id": "3604" }, "geometry": { "type": "Polygon", "coordinates": [ [ [ -73.906224547565699, 40.655639339094627 ], [ -73.905727800975569, 40.655709045514705 ], [ -73.905724387863657, 40.655698602117823 ], [ -73.905685380302515, 40.655579226360501 ], [ -73.905519792792532, 40.655342156207475 ], [ -73.905483394199351, 40.655186915807363 ], [ -73.90604292813569, 40.655107369563687 ], [ -73.90610330408613, 40.655138212964701 ], [ -73.906224547565699, 40.655639339094627 ] ] ] } },
{ "type": "Feature", "properties": { "facility_id": "3607" }, "geometry": { "type": "Polygon", "coordinates": [ [ [ -73.938669509071275, 40.591295164410809 ], [ -73.938272841059288, 40.59133729371402 ], [ -73.938216633326959, 40.591045660566174 ], [ -73.938611923298339, 40.59100369011319 ], [ -73.938669509071275, 40.591295164410809 ] ] ] } },
{ "type": "Feature", "properties": { "facility_id": "3609" }, "geometry": { "type": "Polygon", "coordinates": [ [ [ -73.992398644423346, 40.573897668300084 ], [ -73.991949278993587, 40.573948513718463 ], [ -73.991883551284687, 40.573579611935351 ], [ -73.99232156596122, 40.573480171910454 ], [ -73.992398644423346, 40.573897668300084 ] ] ] } },
{ "type": "Feature", "properties": { "facility_id": "3610" }, "geometry": { "type": "Polygon", "coordinates": [ [ [ -73.980204034183288, 40.578335083152872 ], [ -73.980566289335471, 40.578294568284385 ], [ -73.980630385312494, 40.57858844624819 ], [ -73.980265217179749, 40.578629286807328 ], [ -73.980248980071394, 40.578568714764749 ], [ -73.980204034183288, 40.578335083152872 ] ] ] } },
{ "type": "Feature", "properties": { "facility_id": "3611" }, "geometry": { "type": "Polygon", "coordinates": [ [ [ -74.0028142217718, 40.596310469336366 ], [ -74.002055043984996, 40.595665587850107 ], [ -74.002376984697605, 40.595472588829509 ], [ -74.003097175246481, 40.596109212366507 ], [ -74.0028142217718, 40.596310469336366 ] ] ] } },
{ "type": "Feature", "properties": { "facility_id": "3612" }, "geometry": { "type": "Polygon", "coordinates": [ [ [ -73.992905987478053, 40.594859727432734 ], [ -73.992977852361292, 40.594852372774994 ], [ -73.99348339748758, 40.59515281423063 ], [ -73.993332532888601, 40.595298199467678 ], [ -73.993247501923619, 40.595240872631422 ], [ -73.992897420978011, 40.595275400080205 ], [ -73.992634585401191, 40.595118894302608 ], [ -73.992905987478053, 40.594859727432734 ] ] ] } },
{ "type": "Feature", "properties": { "facility_id": "3637" }, "geometry": { "type": "Polygon", "coordinates": [ [ [ -73.862626634951681, 40.666501045428895 ], [ -73.863053399771857, 40.666438468545273 ], [ -73.863130707462787, 40.666748716577167 ], [ -73.862675036474471, 40.666814549734013 ], [ -73.862609382550787, 40.666521277450968 ], [ -73.862626634951681, 40.666501045428895 ] ] ] } },
{ "type": "Feature", "properties": { "facility_id": "3640" }, "geometry": { "type": "Polygon", "coordinates": [ [ [ -73.945667976747558, 40.685394376444826 ], [ -73.946243845687164, 40.685327944037745 ], [ -73.946331147510051, 40.685728201980652 ], [ -73.945740670857631, 40.685795422189223 ], [ -73.945667976747558, 40.685394376444826 ] ] ] } },
{ "type": "Feature", "properties": { "facility_id": "3642" }, "geometry": { "type": "Polygon", "coordinates": [ [ [ -73.947250703990562, 40.694638306452731 ], [ -73.946811688140215, 40.694685204822193 ], [ -73.946718231365779, 40.694267142610549 ], [ -73.9471705745283, 40.694217449219209 ], [ -73.947250703990562, 40.694638306452731 ] ] ] } },
{ "type": "Feature", "properties": { "facility_id": "3644" }, "geometry": { "type": "Polygon", "coordinates": [ [ [ -73.941776369681392, 40.693738447378642 ], [ -73.941226698834512, 40.693801330863238 ], [ -73.941149955346546, 40.693412689659247 ], [ -73.941150474035425, 40.693412133407449 ], [ -73.941699526472974, 40.693349320212214 ], [ -73.941776369681392, 40.693738447378642 ] ] ] } },
{ "type": "Feature", "properties": { "facility_id": "3652" }, "geometry": { "type": "Polygon", "coordinates": [ [ [ -73.939964150929313, 40.686059621548885 ], [ -73.940020465188795, 40.686087051751656 ], [ -73.940093953061591, 40.686544641120243 ], [ -73.939558328550618, 40.686605027750097 ], [ -73.939400704389513, 40.686121274359309 ], [ -73.939964150929313, 40.686059621548885 ] ] ] } },
{ "type": "Feature", "properties": { "facility_id": "3656" }, "geometry": { "type": "Polygon", "coordinates": [ [ [ -73.945882553528662, 40.69887725589183 ], [ -73.945979403238454, 40.69940111411843 ], [ -73.945550395917039, 40.699449346019144 ], [ -73.945453550692832, 40.698925485634312 ], [ -73.945882553528662, 40.69887725589183 ] ] ] } },
{ "type": "Feature", "properties": { "facility_id": "3657" }, "geometry": { "type": "Polygon", "coordinates": [ [ [ -73.92077446484349, 40.680051165878204 ], [ -73.920840586238711, 40.680107530476505 ], [ -73.92090298340203, 40.680391853264467 ], [ -73.920698825264452, 40.680411423205435 ], [ -73.920464983793821, 40.680272533016776 ], [ -73.920303646572449, 40.680291372713967 ], [ -73.920269021177774, 40.680101829105318 ], [ -73.92077446484349, 40.680051165878204 ] ] ] } },
{ "type": "Feature", "properties": { "facility_id": "3658" }, "geometry": { "type": "Polygon", "coordinates": [ [ [ -73.949270300193547, 40.690223653751502 ], [ -73.949322988384026, 40.690472488800943 ], [ -73.948835034067301, 40.690529902141286 ], [ -73.94856476282277, 40.690370615929858 ], [ -73.948561209597827, 40.690303837675103 ], [ -73.949270300193547, 40.690223653751502 ] ] ] } },
{ "type": "Feature", "properties": { "facility_id": "3663" }, "geometry": { "type": "Polygon", "coordinates": [ [ [ -73.971568365554248, 40.694096911097141 ], [ -73.971206945232055, 40.69413454282374 ], [ -73.971137005448199, 40.693776687621707 ], [ -73.97150443290117, 40.693733432997767 ], [ -73.971568365554248, 40.694096911097141 ] ] ] } },
{ "type": "Feature", "properties": { "facility_id": "3664" }, "geometry": { "type": "Polygon", "coordinates": [ [ [ -73.966306606286622, 40.686039835863753 ], [ -73.966363016746371, 40.686432675360741 ], [ -73.965972202994905, 40.68648103961371 ], [ -73.965884159382867, 40.68610059963212 ], [ -73.966306606286622, 40.686039835863753 ] ] ] } },
{ "type": "Feature", "properties": { "facility_id": "3668" }, "geometry": { "type": "Polygon", "coordinates": [ [ [ -73.980052676277793, 40.698067874567812 ], [ -73.979262203003316, 40.698051593170078 ], [ -73.97924828621629, 40.698037022173125 ], [ -73.979278947890549, 40.69763886795846 ], [ -73.979406665729442, 40.697657951126622 ], [ -73.979429224036565, 40.697596960755419 ], [ -73.98007034082336, 40.697621852956878 ], [ -73.980052676277793, 40.698067874567812 ] ] ] } },
{ "type": "Feature", "properties": { "facility_id": "3672" }, "geometry": { "type": "Polygon", "coordinates": [ [ [ -73.961687806936993, 40.706584374403072 ], [ -73.961405436383359, 40.706786538535304 ], [ -73.961323531279447, 40.706783162042626 ], [ -73.961054882212224, 40.706535278642249 ], [ -73.961388708695893, 40.706335091247304 ], [ -73.961687806936993, 40.706584374403072 ] ] ] } },
{ "type": "Feature", "properties": { "facility_id": "3673" }, "geometry": { "type": "Polygon", "coordinates": [ [ [ -73.948332601545246, 40.720586579657734 ], [ -73.948270935308955, 40.720617599744777 ], [ -73.947654214221828, 40.720065748819238 ], [ -73.947652140678485, 40.720056609502279 ], [ -73.947632435215439, 40.719928769561157 ], [ -73.948231696402075, 40.719868893717774 ], [ -73.948332601545246, 40.720586579657734 ] ] ] } },
{ "type": "Feature", "properties": { "facility_id": "3736" }, "geometry": { "type": "Polygon", "coordinates": [ [ [ -73.971720260147151, 40.600519921250282 ], [ -73.972526247091963, 40.600441776720373 ], [ -73.972447156715376, 40.601046832193894 ], [ -73.971791940883691, 40.601102621786382 ], [ -73.971677916401262, 40.600562729756312 ], [ -73.971720260147151, 40.600519921250282 ] ] ] } },
{ "type": "Feature", "properties": { "facility_id": "3737" }, "geometry": { "type": "Polygon", "coordinates": [ [ [ -73.956973349757405, 40.585953244218942 ], [ -73.956925551709602, 40.585923567565381 ], [ -73.956840340863394, 40.585482133133361 ], [ -73.956849241492208, 40.585434018797024 ], [ -73.956866827767968, 40.585407235722585 ], [ -73.956890996198993, 40.585390502257425 ], [ -73.956939324389452, 40.585370427896187 ], [ -73.956976663622143, 40.585363744689481 ], [ -73.957027171429772, 40.585368786711783 ], [ -73.957165505882443, 40.585403999312121 ], [ -73.95722297175503, 40.58543909341526 ], [ -73.957264292665016, 40.585467659893567 ], [ -73.957356464125866, 40.585571502000256 ], [ -73.95754073989653, 40.585888016041736 ], [ -73.956973349757405, 40.585953244218942 ] ] ] } },
{ "type": "Feature", "properties": { "facility_id": "3738" }, "geometry": { "type": "Polygon", "coordinates": [ [ [ -73.957813748895987, 40.596973685894163 ], [ -73.957268922422074, 40.597033887154396 ], [ -73.957224566689561, 40.596827903112512 ], [ -73.957197117381583, 40.596704023298024 ], [ -73.957702518047469, 40.596653699213682 ], [ -73.9577643894863, 40.596691191817577 ], [ -73.957788177239252, 40.596815542925825 ], [ -73.957813748895987, 40.596973685894163 ] ] ] } },
{ "type": "Feature", "properties": { "facility_id": "3741" }, "geometry": { "type": "Polygon", "coordinates": [ [ [ -74.011741095356598, 40.602665884222617 ], [ -74.01136890718864, 40.602440846961812 ], [ -74.011490177703806, 40.602325514945939 ], [ -74.011867965325479, 40.602540677014112 ], [ -74.011741095356598, 40.602665884222617 ] ] ] } },
{ "type": "Feature", "properties": { "facility_id": "3743" }, "geometry": { "type": "Polygon", "coordinates": [ [ [ -73.941751225744312, 40.761308268656613 ], [ -73.941634694702145, 40.761269134978484 ], [ -73.941521534516824, 40.761401096983107 ], [ -73.941385019687999, 40.761333430321933 ], [ -73.941320066981078, 40.761299154664862 ], [ -73.941355239572957, 40.761236063404787 ], [ -73.941392654372734, 40.761179261498455 ], [ -73.941583616808188, 40.760876168452121 ], [ -73.94193438450381, 40.76099865863916 ], [ -73.941751225744312, 40.761308268656613 ] ] ] } },
{ "type": "Feature", "properties": { "facility_id": "4293" }, "geometry": { "type": "Polygon", "coordinates": [ [ [ -73.944330504001968, 40.657858737303634 ], [ -73.944414737844752, 40.658597358550892 ], [ -73.94382675697139, 40.658636246292005 ], [ -73.943742528408691, 40.657897622815895 ], [ -73.944330504001968, 40.657858737303634 ] ] ] } },
{ "type": "Feature", "properties": { "facility_id": "5356" }, "geometry": { "type": "Polygon", "coordinates": [ [ [ -73.915396034154, 40.67841440810809 ], [ -73.914628588799843, 40.678370929904126 ], [ -73.914649924857116, 40.678132398419272 ], [ -73.91541942964804, 40.678178284174102 ], [ -73.915396034154, 40.67841440810809 ] ] ] } },
{ "type": "Feature", "properties": { "facility_id": "5358" }, "geometry": { "type": "Polygon", "coordinates": [ [ [ -73.954290441119269, 40.682644274342998 ], [ -73.95396179238594, 40.682681882068287 ], [ -73.953901257420085, 40.682345861580373 ], [ -73.954226708886893, 40.682303992422554 ], [ -73.954290441119269, 40.682644274342998 ] ] ] } },
{ "type": "Feature", "properties": { "facility_id": "5359" }, "geometry": { "type": "Polygon", "coordinates": [ [ [ -73.960817731993302, 40.695029159856027 ], [ -73.960475279133519, 40.695070744602226 ], [ -73.96036305815646, 40.694535344859574 ], [ -73.960704645780467, 40.694493865510012 ], [ -73.960817731993302, 40.695029159856027 ] ] ] } },
{ "type": "Feature", "properties": { "facility_id": "5367" }, "geometry": { "type": "Polygon", "coordinates": [ [ [ -73.903459623249958, 40.776582911606496 ], [ -73.903257729324096, 40.776439629844475 ], [ -73.903529378419393, 40.776208352670523 ], [ -73.903735421113709, 40.776353741903236 ], [ -73.903459623249958, 40.776582911606496 ] ] ] } },
{ "type": "Feature", "properties": { "facility_id": "5835" }, "geometry": { "type": "Polygon", "coordinates": [ [ [ -73.890901637247737, 40.850591578276592 ], [ -73.890609053794918, 40.85107558413506 ], [ -73.889591535233009, 40.850734852759395 ], [ -73.889876619278454, 40.850262196596532 ], [ -73.890901637247737, 40.850591578276592 ] ] ] } },
{ "type": "Feature", "properties": { "facility_id": "5842" }, "geometry": { "type": "Polygon", "coordinates": [ [ [ -73.912531493091038, 40.82464361775186 ], [ -73.912324795389665, 40.825010351662371 ], [ -73.912320743517668, 40.825013978480818 ], [ -73.912316523798196, 40.825016337273219 ], [ -73.912311437239978, 40.825018010128865 ], [ -73.912305286625823, 40.825019326479214 ], [ -73.912297345416832, 40.825020183114972 ], [ -73.912291184250194, 40.825019612016987 ], [ -73.912284227219956, 40.825018470299405 ], [ -73.912078452665142, 40.824952887157053 ], [ -73.912073465557043, 40.824949272365728 ], [ -73.912069797634786, 40.824945815266382 ], [ -73.912066456273607, 40.824941930680339 ], [ -73.912063611200352, 40.824936563355827 ], [ -73.912061853005156, 40.82493311851848 ], [ -73.912060975315228, 40.824928985473143 ], [ -73.912060431751101, 40.824924979652529 ], [ -73.912266290858085, 40.824558625581084 ], [ -73.912273630065627, 40.824554879698212 ], [ -73.912278957608677, 40.824552021974668 ], [ -73.912286260687665, 40.824549603394644 ], [ -73.912293489959254, 40.824548319383062 ], [ -73.912301242726812, 40.824548287458576 ], [ -73.912309708011747, 40.824549999435732 ], [ -73.912514813916175, 40.824616661358021 ], [ -73.912521141705682, 40.824620308664876 ], [ -73.912526318170094, 40.824624161311647 ], [ -73.912528905197036, 40.824629259180952 ], [ -73.91253003210025, 40.824633204208268 ], [ -73.912531265285281, 40.824637459086816 ], [ -73.912531493091038, 40.82464361775186 ] ] ] } },
{ "type": "Feature", "properties": { "facility_id": "5853" }, "geometry": { "type": "Polygon", "coordinates": [ [ [ -73.991821016875051, 40.721589203808513 ], [ -73.99159459579937, 40.722045577424673 ], [ -73.991230621625988, 40.721941048853701 ], [ -73.991457046022461, 40.721484676847467 ], [ -73.991821016875051, 40.721589203808513 ] ] ] } },
{ "type": "Feature", "properties": { "facility_id": "5875" }, "geometry": { "type": "Polygon", "coordinates": [ [ [ -74.23383743260689, 40.530682548246162 ], [ -74.233717300652515, 40.531726338886152 ], [ -74.232992826915819, 40.531683714268915 ], [ -74.233115647911632, 40.530631768240845 ], [ -74.23383743260689, 40.530682548246162 ] ] ] } },
{ "type": "Feature", "properties": { "facility_id": "5876" }, "geometry": { "type": "Polygon", "coordinates": [ [ [ -74.013955669171594, 40.613098600573736 ], [ -74.013775961597048, 40.613267598731703 ], [ -74.013427273465467, 40.613047697619393 ], [ -74.01360966449387, 40.612876662706341 ], [ -74.013955669171594, 40.613098600573736 ] ] ] } },
{ "type": "Feature", "properties": { "facility_id": "5877" }, "geometry": { "type": "Polygon", "coordinates": [ [ [ -74.013703541765381, 40.613316465159706 ], [ -74.013515786637015, 40.613501751590668 ], [ -74.013175146608248, 40.61329406794281 ], [ -74.013352172106181, 40.613112852766044 ], [ -74.013703541765381, 40.613316465159706 ] ] ] } },
{ "type": "Feature", "properties": { "facility_id": "5890" }, "geometry": { "type": "Polygon", "coordinates": [ [ [ -73.935050231266999, 40.818876022737292 ], [ -73.936189956594191, 40.819345550390238 ], [ -73.935917142418873, 40.819743232169586 ], [ -73.934792134721533, 40.819270649389559 ], [ -73.935050231266999, 40.818876022737292 ] ] ] } },
{ "type": "Feature", "properties": { "facility_id": "5891" }, "geometry": { "type": "Polygon", "coordinates": [ [ [ -73.735947472040309, 40.740724978151384 ], [ -73.735125939909182, 40.74100360360147 ], [ -73.734860037620663, 40.74061834016284 ], [ -73.735695120196581, 40.740344402444229 ], [ -73.735947472040309, 40.740724978151384 ] ] ] } },
{ "type": "Feature", "properties": { "facility_id": "5967" }, "geometry": { "type": "Polygon", "coordinates": [ [ [ -73.839784634189698, 40.749159411076555 ], [ -73.840484492360105, 40.749900901280974 ], [ -73.839825997690113, 40.75025483693517 ], [ -73.839128453781626, 40.749515107387332 ], [ -73.839784634189698, 40.749159411076555 ] ] ] } },
{ "type": "Feature", "properties": { "facility_id": "5968" }, "geometry": { "type": "Polygon", "coordinates": [ [ [ -73.834535169735275, 40.750694922027208 ], [ -73.833255011310257, 40.750839638955711 ], [ -73.833150901344254, 40.750326518587869 ], [ -73.83443707818931, 40.750179521479829 ], [ -73.834535169735275, 40.750694922027208 ] ] ] } },
{ "type": "Feature", "properties": { "facility_id": "5971" }, "geometry": { "type": "Polygon", "coordinates": [ [ [ -73.84117486706279, 40.748204311175449 ], [ -73.841492812527733, 40.748625806720604 ], [ -73.840510844746717, 40.749061526979943 ], [ -73.840184624955569, 40.748641733631956 ], [ -73.84117486706279, 40.748204311175449 ] ] ] } },
{ "type": "Feature", "properties": { "facility_id": "5972" }, "geometry": { "type": "Polygon", "coordinates": [ [ [ -73.841928360860095, 40.746893598788148 ], [ -73.841412237882281, 40.746935223978824 ], [ -73.841297589556149, 40.74611812350372 ], [ -73.84181370745938, 40.746076498823598 ], [ -73.841928360860095, 40.746893598788148 ] ] ] } },
{ "type": "Feature", "properties": { "facility_id": "5975" }, "geometry": { "type": "Polygon", "coordinates": [ [ [ -73.834341156510021, 40.750003049775472 ], [ -73.833169433007939, 40.7501410516767 ], [ -73.833071220863218, 40.749678320426391 ], [ -73.834248953037289, 40.749542618164163 ], [ -73.834341156510021, 40.750003049775472 ] ] ] } },
{ "type": "Feature", "properties": { "facility_id": "5976" }, "geometry": { "type": "Polygon", "coordinates": [ [ [ -73.840432602817927, 40.746991531390293 ], [ -73.840651279732313, 40.747421206167232 ], [ -73.839641230046524, 40.74772400309277 ], [ -73.839420375797232, 40.747296554831919 ], [ -73.840432602817927, 40.746991531390293 ] ] ] } },
{ "type": "Feature", "properties": { "facility_id": "5977" }, "geometry": { "type": "Polygon", "coordinates": [ [ [ -73.836669591434742, 40.748726670843631 ], [ -73.837150502597993, 40.749556879602274 ], [ -73.836507555083301, 40.749769930293404 ], [ -73.836031158492858, 40.748942012582859 ], [ -73.836669591434742, 40.748726670843631 ] ] ] } },
{ "type": "Feature", "properties": { "facility_id": "5978" }, "geometry": { "type": "Polygon", "coordinates": [ [ [ -73.83878105846415, 40.747109718577505 ], [ -73.838856260782919, 40.747620038044481 ], [ -73.83756629299809, 40.747729980001814 ], [ -73.837491100436566, 40.747219659700704 ], [ -73.83878105846415, 40.747109718577505 ] ] ] } },
{ "type": "Feature", "properties": { "facility_id": "5979" }, "geometry": { "type": "Polygon", "coordinates": [ [ [ -73.839100353916436, 40.749832805015544 ], [ -73.83916539361762, 40.750410382285708 ], [ -73.837868118819799, 40.750494861906951 ], [ -73.837803090279223, 40.749917285712357 ], [ -73.839100353916436, 40.749832805015544 ] ] ] } },
{ "type": "Feature", "properties": { "facility_id": "6001" }, "geometry": { "type": "Polygon", "coordinates": [ [ [ -73.724940719593548, 40.747888646019867 ], [ -73.724233885166981, 40.748072755547632 ], [ -73.72384278502966, 40.747216323395961 ], [ -73.724560366450291, 40.747028158149412 ], [ -73.724940719593548, 40.747888646019867 ] ] ] } },
{ "type": "Feature", "properties": { "facility_id": "6002" }, "geometry": { "type": "Polygon", "coordinates": [ [ [ -73.724473752223034, 40.746723920522498 ], [ -73.723927928175499, 40.746850955232617 ], [ -73.723607236338381, 40.746074118616207 ], [ -73.724153050408418, 40.745948105680561 ], [ -73.724473752223034, 40.746723920522498 ] ] ] } },
{ "type": "Feature", "properties": { "facility_id": "6016" }, "geometry": { "type": "Polygon", "coordinates": [ [ [ -73.874525669597119, 40.755593741786342 ], [ -73.874811325197484, 40.755568344930353 ], [ -73.874907884354187, 40.756083397952629 ], [ -73.87460211296019, 40.756093557301291 ], [ -73.874525669597119, 40.755593741786342 ] ] ] } },
{ "type": "Feature", "properties": { "facility_id": "6017" }, "geometry": { "type": "Polygon", "coordinates": [ [ [ -73.895290226767969, 40.898341302311302 ], [ -73.894486003816738, 40.898384897314394 ], [ -73.894445580274919, 40.897955514768313 ], [ -73.895249798058785, 40.897911919142786 ], [ -73.895290226767969, 40.898341302311302 ] ] ] } },
{ "type": "Feature", "properties": { "facility_id": "6018" }, "geometry": { "type": "Polygon", "coordinates": [ [ [ -73.894345319287737, 40.89516872353029 ], [ -73.893662198554026, 40.895213511346299 ], [ -73.893569050150276, 40.894395395167265 ], [ -73.89425190740225, 40.894348370856889 ], [ -73.894345319287737, 40.89516872353029 ] ] ] } },
{ "type": "Feature", "properties": { "facility_id": "6019" }, "geometry": { "type": "Polygon", "coordinates": [ [ [ -73.896068302241702, 40.895053150737063 ], [ -73.89536294416861, 40.895099407189711 ], [ -73.895269433210842, 40.894278291639218 ], [ -73.895438182554912, 40.894266668970062 ], [ -73.895969837311355, 40.894230048426031 ], [ -73.896068302241702, 40.895053150737063 ] ] ] } },
{ "type": "Feature", "properties": { "facility_id": "6020" }, "geometry": { "type": "Polygon", "coordinates": [ [ [ -73.895321611947963, 40.89614745668937 ], [ -73.894607899564775, 40.896194208827666 ], [ -73.894508738313448, 40.89529976207492 ], [ -73.895219902279877, 40.895247334281699 ], [ -73.895321611947963, 40.89614745668937 ] ] ] } },
{ "type": "Feature", "properties": { "facility_id": "6021" }, "geometry": { "type": "Polygon", "coordinates": [ [ [ -73.895204362192104, 40.895109806215444 ], [ -73.894492852841267, 40.895156460588119 ], [ -73.894402121555387, 40.894338025817845 ], [ -73.895111634456754, 40.894289160400717 ], [ -73.895204362192104, 40.895109806215444 ] ] ] } },
{ "type": "Feature", "properties": { "facility_id": "6022" }, "geometry": { "type": "Polygon", "coordinates": [ [ [ -73.894460477045513, 40.896203865114614 ], [ -73.893768094441228, 40.896249215097235 ], [ -73.893666035550794, 40.895351968046718 ], [ -73.894360203313894, 40.89530726865987 ], [ -73.894460477045513, 40.896203865114614 ] ] ] } },
{ "type": "Feature", "properties": { "facility_id": "6023" }, "geometry": { "type": "Polygon", "coordinates": [ [ [ -73.89618685147876, 40.896087951466598 ], [ -73.895478426546603, 40.896137344957765 ], [ -73.895364925888771, 40.895236642895064 ], [ -73.896074914729809, 40.895184297017487 ], [ -73.89618685147876, 40.896087951466598 ] ] ] } },
{ "type": "Feature", "properties": { "facility_id": "6024" }, "geometry": { "type": "Polygon", "coordinates": [ [ [ -73.894208389407339, 40.893446283445016 ], [ -73.894747388437125, 40.893408929659486 ], [ -73.894832169176425, 40.894113346652219 ], [ -73.894293164483855, 40.89415069992819 ], [ -73.894208389407339, 40.893446283445016 ] ] ] } },
{ "type": "Feature", "properties": { "facility_id": "6025" }, "geometry": { "type": "Polygon", "coordinates": [ [ [ -73.893506104453408, 40.893492943789944 ], [ -73.89404510307098, 40.893455592382288 ], [ -73.894129876427485, 40.894160009884644 ], [ -73.893590870961901, 40.894197359881105 ], [ -73.893506104453408, 40.893492943789944 ] ] ] } },
{ "type": "Feature", "properties": { "facility_id": "6026" }, "geometry": { "type": "Polygon", "coordinates": [ [ [ -73.894883187792885, 40.893396718552289 ], [ -73.895422186041543, 40.89335936161563 ], [ -73.895506972681972, 40.894063778118216 ], [ -73.894967968770501, 40.894101134545359 ], [ -73.894883187792885, 40.893396718552289 ] ] ] } },
{ "type": "Feature", "properties": { "facility_id": "6028" }, "geometry": { "type": "Polygon", "coordinates": [ [ [ -73.816144113479083, 40.774493475227573 ], [ -73.81608514672314, 40.773688927805104 ], [ -73.81655801220387, 40.773678445989873 ], [ -73.816592416722386, 40.774479312428312 ], [ -73.816144113479083, 40.774493475227573 ] ] ] } },
{ "type": "Feature", "properties": { "facility_id": "6031" }, "geometry": { "type": "Polygon", "coordinates": [ [ [ -73.74813607539339, 40.742420817103017 ], [ -73.748372423340797, 40.742061433824759 ], [ -73.749267125792642, 40.742373249937849 ], [ -73.749024535717368, 40.742739642707051 ], [ -73.74813607539339, 40.742420817103017 ] ] ] } },
{ "type": "Feature", "properties": { "facility_id": "6032" }, "geometry": { "type": "Polygon", "coordinates": [ [ [ -73.930292252509773, 40.783774489830186 ], [ -73.929788279798558, 40.783038623411144 ], [ -73.930365485935965, 40.782805156524311 ], [ -73.930868939389299, 40.783538961584242 ], [ -73.930292252509773, 40.783774489830186 ] ] ] } },
{ "type": "Feature", "properties": { "facility_id": "6033" }, "geometry": { "type": "Polygon", "coordinates": [ [ [ -73.917000677781374, 40.794240803446016 ], [ -73.915939054178395, 40.794363101874097 ], [ -73.915834459469721, 40.793838670455017 ], [ -73.916896076086729, 40.793716372981123 ], [ -73.917000677781374, 40.794240803446016 ] ] ] } },
{ "type": "Feature", "properties": { "facility_id": "6034" }, "geometry": { "type": "Polygon", "coordinates": [ [ [ -73.91826920308165, 40.794567211084086 ], [ -73.918375193987941, 40.795091480918842 ], [ -73.917313882011626, 40.795215400515502 ], [ -73.917207899266089, 40.794691129715027 ], [ -73.91826920308165, 40.794567211084086 ] ] ] } },
{ "type": "Feature", "properties": { "facility_id": "6035" }, "geometry": { "type": "Polygon", "coordinates": [ [ [ -73.916770341858125, 40.79612396880291 ], [ -73.916242971751302, 40.796471419370377 ], [ -73.915539601088128, 40.795854828960884 ], [ -73.916066971165193, 40.795507382479165 ], [ -73.916770341858125, 40.79612396880291 ] ] ] } },
{ "type": "Feature", "properties": { "facility_id": "6036" }, "geometry": { "type": "Polygon", "coordinates": [ [ [ -73.917192974697684, 40.794602188282958 ], [ -73.917086993880545, 40.794077917320863 ], [ -73.91814828814644, 40.793953998890792 ], [ -73.918254277124205, 40.794478268887204 ], [ -73.917192974697684, 40.794602188282958 ] ] ] } },
{ "type": "Feature", "properties": { "facility_id": "6037" }, "geometry": { "type": "Polygon", "coordinates": [ [ [ -73.916536235976764, 40.79739424838673 ], [ -73.915834038771351, 40.796776879088398 ], [ -73.916360228705074, 40.796430211183001 ], [ -73.917063611863625, 40.797046796528065 ], [ -73.916536235976764, 40.79739424838673 ] ] ] } },
{ "type": "Feature", "properties": { "facility_id": "6038" }, "geometry": { "type": "Polygon", "coordinates": [ [ [ -73.92541008148568, 40.800775712816176 ], [ -73.924052884067621, 40.801043723841062 ], [ -73.923918775425889, 40.80066796507441 ], [ -73.925281335089579, 40.800406179743149 ], [ -73.925302793568392, 40.800442726912259 ], [ -73.925302792932484, 40.800454909768604 ], [ -73.92541008148568, 40.800775712816176 ] ] ] } },
{ "type": "Feature", "properties": { "facility_id": "6039" }, "geometry": { "type": "Polygon", "coordinates": [ [ [ -73.955941607134989, 40.792431166858236 ], [ -73.956758859956167, 40.792955644085069 ], [ -73.956417573203026, 40.793264297979285 ], [ -73.955590287030475, 40.792739814492847 ], [ -73.955941607134989, 40.792431166858236 ] ] ] } },
{ "type": "Feature", "properties": { "facility_id": "6040" }, "geometry": { "type": "Polygon", "coordinates": [ [ [ -73.957357014973269, 40.79177738662748 ], [ -73.957963522669914, 40.792431388918438 ], [ -73.957547056347522, 40.792658057899466 ], [ -73.956925491912045, 40.792023107804916 ], [ -73.957357014973269, 40.79177738662748 ] ] ] } },
{ "type": "Feature", "properties": { "facility_id": "6041" }, "geometry": { "type": "Polygon", "coordinates": [ [ [ -73.960064812009037, 40.792279413077424 ], [ -73.960353071129205, 40.791487543196901 ], [ -73.960875910825081, 40.791593508152054 ], [ -73.960582012290587, 40.79238823648511 ], [ -73.960064812009037, 40.792279413077424 ] ] ] } },
{ "type": "Feature", "properties": { "facility_id": "6042" }, "geometry": { "type": "Polygon", "coordinates": [ [ [ -73.959363274087394, 40.792177669773125 ], [ -73.95950379603147, 40.793082622084263 ], [ -73.958965803824967, 40.793131036307123 ], [ -73.958829047472562, 40.792231802866866 ], [ -73.959363274087394, 40.792177669773125 ] ] ] } },
{ "type": "Feature", "properties": { "facility_id": "6043" }, "geometry": { "type": "Polygon", "coordinates": [ [ [ -73.957969470781961, 40.790954192145769 ], [ -73.957452381581547, 40.791676400129951 ], [ -73.956981019173867, 40.791477994391215 ], [ -73.957495600011612, 40.790761505751753 ], [ -73.957969470781961, 40.790954192145769 ] ] ] } },
{ "type": "Feature", "properties": { "facility_id": "6044" }, "geometry": { "type": "Polygon", "coordinates": [ [ [ -73.961270114513098, 40.792960288345647 ], [ -73.960196144169558, 40.792839840752684 ], [ -73.960273507892836, 40.792432445987345 ], [ -73.961343707853516, 40.792554321599326 ], [ -73.961270114513098, 40.792960288345647 ] ] ] } },
{ "type": "Feature", "properties": { "facility_id": "6045" }, "geometry": { "type": "Polygon", "coordinates": [ [ [ -73.965364112592781, 40.782496655259898 ], [ -73.965821639595163, 40.782706458369169 ], [ -73.965360549001076, 40.783323410145087 ], [ -73.964912409500016, 40.783139815382818 ], [ -73.965364112592781, 40.782496655259898 ] ] ] } },
{ "type": "Feature", "properties": { "facility_id": "6046" }, "geometry": { "type": "Polygon", "coordinates": [ [ [ -74.001555451571036, 40.671627878950439 ], [ -74.002383869083417, 40.671861126131098 ], [ -74.002242376266395, 40.6721550607434 ], [ -74.001415328823043, 40.671925995428438 ], [ -74.001555451571036, 40.671627878950439 ] ] ] } },
{ "type": "Feature", "properties": { "facility_id": "6047" }, "geometry": { "type": "Polygon", "coordinates": [ [ [ -74.038832212642887, 40.61474987878178 ], [ -74.03929962532024, 40.615604222498398 ], [ -74.038701656405635, 40.615795158415182 ], [ -74.038234246498817, 40.614940811384507 ], [ -74.038832212642887, 40.61474987878178 ] ] ] } },
{ "type": "Feature", "properties": { "facility_id": "6048" }, "geometry": { "type": "Polygon", "coordinates": [ [ [ -74.037947104543292, 40.633280341516162 ], [ -74.038259452893428, 40.63258451030088 ], [ -74.038747410880731, 40.63271777414645 ], [ -74.03843506150595, 40.633404076483806 ], [ -74.037947104543292, 40.633280341516162 ] ] ] } },
{ "type": "Feature", "properties": { "facility_id": "6049" }, "geometry": { "type": "Polygon", "coordinates": [ [ [ -73.934527254480955, 40.607093966984351 ], [ -73.934194389157284, 40.606822220904306 ], [ -73.934982796476191, 40.606330337147078 ], [ -73.935304051452192, 40.606626359697337 ], [ -73.934527254480955, 40.607093966984351 ] ] ] } },
{ "type": "Feature", "properties": { "facility_id": "6050" }, "geometry": { "type": "Polygon", "coordinates": [ [ [ -73.93604430722965, 40.606997679158006 ], [ -73.935640069609747, 40.606635378865818 ], [ -73.936584957904856, 40.606070714905364 ], [ -73.936943826094179, 40.60641974033426 ], [ -73.93604430722965, 40.606997679158006 ] ] ] } },
{ "type": "Feature", "properties": { "facility_id": "6051" }, "geometry": { "type": "Polygon", "coordinates": [ [ [ -73.935524301867588, 40.606527133381427 ], [ -73.935200180402248, 40.606200201212651 ], [ -73.936191426166658, 40.605622320813268 ], [ -73.936503963404817, 40.605949243805149 ], [ -73.935524301867588, 40.606527133381427 ] ] ] } },
{ "type": "Feature", "properties": { "facility_id": "6052" }, "geometry": { "type": "Polygon", "coordinates": [ [ [ -73.935702875526658, 40.607593586408171 ], [ -73.935014020276526, 40.606988269821464 ], [ -73.935508724061393, 40.606661797695999 ], [ -73.93618985530432, 40.607267107048976 ], [ -73.935702875526658, 40.607593586408171 ] ] ] } },
{ "type": "Feature", "properties": { "facility_id": "6053" }, "geometry": { "type": "Polygon", "coordinates": [ [ [ -73.936782373862272, 40.607649379107499 ], [ -73.936070281282113, 40.607099250864167 ], [ -73.936615219459014, 40.606741893299414 ], [ -73.937309925552725, 40.607298632942737 ], [ -73.936782373862272, 40.607649379107499 ] ] ] } },
{ "type": "Feature", "properties": { "facility_id": "6054" }, "geometry": { "type": "Polygon", "coordinates": [ [ [ -73.931445009106739, 40.606198021806769 ], [ -73.931146928803656, 40.605919664270232 ], [ -73.931752762825937, 40.605516003695485 ], [ -73.932059531882771, 40.605796572888067 ], [ -73.931445009106739, 40.606198021806769 ] ] ] } },
{ "type": "Feature", "properties": { "facility_id": "6055" }, "geometry": { "type": "Polygon", "coordinates": [ [ [ -73.932753152815536, 40.607384367776191 ], [ -73.932455061761374, 40.607106013665344 ], [ -73.933060898639823, 40.606702346243033 ], [ -73.933367678645382, 40.606982911910798 ], [ -73.932753152815536, 40.607384367776191 ] ] ] } },
{ "type": "Feature", "properties": { "facility_id": "6056" }, "geometry": { "type": "Polygon", "coordinates": [ [ [ -73.933216236967539, 40.607790866795568 ], [ -73.933038244307809, 40.607628492801076 ], [ -73.933461445226101, 40.607363805945717 ], [ -73.933636548661838, 40.607518451143207 ], [ -73.933216236967539, 40.607790866795568 ] ] ] } },
{ "type": "Feature", "properties": { "facility_id": "6057" }, "geometry": { "type": "Polygon", "coordinates": [ [ [ -73.931766247759242, 40.606494054249218 ], [ -73.931468164795064, 40.606215697554042 ], [ -73.93207399956141, 40.605812035297902 ], [ -73.932380771328482, 40.606092603624781 ], [ -73.931766247759242, 40.606494054249218 ] ] ] } },
{ "type": "Feature", "properties": { "facility_id": "6058" }, "geometry": { "type": "Polygon", "coordinates": [ [ [ -73.93299916970561, 40.607596456477744 ], [ -73.932821178092155, 40.607434082143946 ], [ -73.933244378638676, 40.607169396082661 ], [ -73.933419481061691, 40.607324041613872 ], [ -73.93299916970561, 40.607596456477744 ] ] ] } },
{ "type": "Feature", "properties": { "facility_id": "6059" }, "geometry": { "type": "Polygon", "coordinates": [ [ [ -73.932452197005844, 40.607075103368345 ], [ -73.931806801341992, 40.606496287298 ], [ -73.932227111758749, 40.606222771824761 ], [ -73.932858020361266, 40.606805993247669 ], [ -73.932452197005844, 40.607075103368345 ] ] ] } },
{ "type": "Feature", "properties": { "facility_id": "6060" }, "geometry": { "type": "Polygon", "coordinates": [ [ [ -73.978997242958826, 40.697381135273545 ], [ -73.979044907356425, 40.696593176649969 ], [ -73.979647591398631, 40.696610093771127 ], [ -73.979607326053682, 40.697395846796617 ], [ -73.978997242958826, 40.697381135273545 ] ] ] } },
{ "type": "Feature", "properties": { "facility_id": "6061" }, "geometry": { "type": "Polygon", "coordinates": [ [ [ -73.873006700941914, 40.817277955075362 ], [ -73.87323091919346, 40.818252188039409 ], [ -73.872587608979686, 40.818337633160105 ], [ -73.872363401043145, 40.817363398960133 ], [ -73.873006700941914, 40.817277955075362 ] ] ] } },
{ "type": "Feature", "properties": { "facility_id": "6066" }, "geometry": { "type": "Polygon", "coordinates": [ [ [ -73.891139834832259, 40.708298128568416 ], [ -73.890571619065881, 40.708227833461663 ], [ -73.890793233030138, 40.707242161709672 ], [ -73.89136754005952, 40.70731943595279 ], [ -73.891139834832259, 40.708298128568416 ] ] ] } },
{ "type": "Feature", "properties": { "facility_id": "6071" }, "geometry": { "type": "Polygon", "coordinates": [ [ [ -74.003908314904209, 40.64753524364864 ], [ -74.003707231725272, 40.647728376246036 ], [ -74.003290637134199, 40.647476739231159 ], [ -74.003510224902385, 40.647265834174171 ], [ -74.003926821369248, 40.647517468598444 ], [ -74.003908314904209, 40.64753524364864 ] ] ] } },
{ "type": "Feature", "properties": { "facility_id": "6072" }, "geometry": { "type": "Polygon", "coordinates": [ [ [ -74.003486717368176, 40.647940170507304 ], [ -74.003069337224673, 40.647688059948798 ], [ -74.003290637134199, 40.647476739231159 ], [ -74.003707231725272, 40.647728376246036 ], [ -74.003486717368176, 40.647940170507304 ] ] ] } },
{ "type": "Feature", "properties": { "facility_id": "6075" }, "geometry": { "type": "Polygon", "coordinates": [ [ [ -73.960698727697164, 40.722298672781044 ], [ -73.961138904947759, 40.721888757156279 ], [ -73.962057609972533, 40.722458598940882 ], [ -73.961610522426085, 40.722870269033784 ], [ -73.960698727697164, 40.722298672781044 ] ] ] } },
{ "type": "Feature", "properties": { "facility_id": "6078" }, "geometry": { "type": "Polygon", "coordinates": [ [ [ -73.914430503203604, 40.662510414772072 ], [ -73.913713728325575, 40.663201793998319 ], [ -73.913258017779043, 40.662952466530825 ], [ -73.913952481936846, 40.662216518571284 ], [ -73.914430503203604, 40.662510414772072 ] ] ] } },
{ "type": "Feature", "properties": { "facility_id": "6087" }, "geometry": { "type": "Polygon", "coordinates": [ [ [ -73.947889350447539, 40.706713925225039 ], [ -73.946707220393506, 40.706823070795295 ], [ -73.946616765295431, 40.706305325726895 ], [ -73.947797088612475, 40.706185897321923 ], [ -73.947889350447539, 40.706713925225039 ] ] ] } },
{ "type": "Feature", "properties": { "facility_id": "6093" }, "geometry": { "type": "Polygon", "coordinates": [ [ [ -74.006096237125689, 40.729735466404357 ], [ -74.006388039678413, 40.729562526831053 ], [ -74.006738257406397, 40.729908353474976 ], [ -74.0064556688435, 40.730071945232709 ], [ -74.006096237125689, 40.729735466404357 ] ] ] } },
{ "type": "Feature", "properties": { "facility_id": "6095" }, "geometry": { "type": "Polygon", "coordinates": [ [ [ -73.993952793590097, 40.767799736273929 ], [ -73.994427480226889, 40.76799582596162 ], [ -73.994005287382905, 40.768560275520727 ], [ -73.993545382038519, 40.768364184038745 ], [ -73.993952793590097, 40.767799736273929 ] ] ] } },
{ "type": "Feature", "properties": { "facility_id": "6096" }, "geometry": { "type": "Polygon", "coordinates": [ [ [ -74.138529941476591, 40.593151497743115 ], [ -74.13794690983336, 40.592948244852195 ], [ -74.138393776737857, 40.592203361377386 ], [ -74.138977148430911, 40.592406732268252 ], [ -74.138529941476591, 40.593151497743115 ] ] ] } },
{ "type": "Feature", "properties": { "facility_id": "6098" }, "geometry": { "type": "Polygon", "coordinates": [ [ [ -73.90091476523294, 40.759477952162939 ], [ -73.899739106238741, 40.759597848520499 ], [ -73.899627709799688, 40.759033485864073 ], [ -73.900812722932429, 40.758906484703658 ], [ -73.90091476523294, 40.759477952162939 ] ] ] } },
{ "type": "Feature", "properties": { "facility_id": "6099" }, "geometry": { "type": "Polygon", "coordinates": [ [ [ -73.773160622953881, 40.688774085046049 ], [ -73.772627598280735, 40.688398390373088 ], [ -73.773512980193743, 40.68767274596393 ], [ -73.774048651579363, 40.688051942075717 ], [ -73.773160622953881, 40.688774085046049 ] ] ] } },
{ "type": "Feature", "properties": { "facility_id": "6105" }, "geometry": { "type": "Polygon", "coordinates": [ [ [ -73.926358561107946, 40.777037853500481 ], [ -73.92584066845744, 40.777263272885207 ], [ -73.925288067430387, 40.776526684711889 ], [ -73.925804304126686, 40.776301987124107 ], [ -73.926358561107946, 40.777037853500481 ] ] ] } },
{ "type": "Feature", "properties": { "facility_id": "6108" }, "geometry": { "type": "Polygon", "coordinates": [ [ [ -73.886769919674023, 40.659282094883729 ], [ -73.887898038251194, 40.658796517065092 ], [ -73.888182213780524, 40.6591808318882 ], [ -73.887053545160327, 40.659665996798026 ], [ -73.886769919674023, 40.659282094883729 ] ] ] } },
{ "type": "Feature", "properties": { "facility_id": "6111" }, "geometry": { "type": "Polygon", "coordinates": [ [ [ -74.014068095641221, 40.632749117895955 ], [ -74.01372065403261, 40.633089757867012 ], [ -74.012869615956376, 40.632576097438871 ], [ -74.013220816578169, 40.632234029563996 ], [ -74.014068095641221, 40.632749117895955 ] ] ] } },
{ "type": "Feature", "properties": { "facility_id": "6112" }, "geometry": { "type": "Polygon", "coordinates": [ [ [ -73.992146785022314, 40.585434187018265 ], [ -73.992752402945115, 40.586209466783082 ], [ -73.992069150276649, 40.586518759564441 ], [ -73.99146919570623, 40.585741022714465 ], [ -73.992146785022314, 40.585434187018265 ] ] ] } },
{ "type": "Feature", "properties": { "facility_id": "6116" }, "geometry": { "type": "Polygon", "coordinates": [ [ [ -74.020183067551102, 40.652048762025743 ], [ -74.02070666490188, 40.651547757969574 ], [ -74.0212029225343, 40.651844482582874 ], [ -74.020677472866225, 40.652342459874397 ], [ -74.020183067551102, 40.652048762025743 ] ] ] } },
{ "type": "Feature", "properties": { "facility_id": "6117" }, "geometry": { "type": "Polygon", "coordinates": [ [ [ -74.01971847102611, 40.653465483241405 ], [ -74.019065563055449, 40.65307363510405 ], [ -74.019870233497954, 40.652298857739112 ], [ -74.019940520941745, 40.652291705372825 ], [ -74.020598796069464, 40.652685146935347 ], [ -74.019788859210578, 40.653458918989401 ], [ -74.01971847102611, 40.653465483241405 ] ] ] } },
{ "type": "Feature", "properties": { "facility_id": "6130" }, "geometry": { "type": "Polygon", "coordinates": [ [ [ -73.934171238620507, 40.80637917420831 ], [ -73.933036455110908, 40.805903033995563 ], [ -73.93334554374195, 40.80546949246807 ], [ -73.934488773410806, 40.805948847453266 ], [ -73.934171238620507, 40.80637917420831 ] ] ] } },
{ "type": "Feature", "properties": { "facility_id": "6133" }, "geometry": { "type": "Polygon", "coordinates": [ [ [ -73.976384051330882, 40.712522782518853 ], [ -73.976820093354675, 40.711677896740881 ], [ -73.977471295502511, 40.711875899750567 ], [ -73.977032919633658, 40.712717221484056 ], [ -73.976384051330882, 40.712522782518853 ] ] ] } },
{ "type": "Feature", "properties": { "facility_id": "6140" }, "geometry": { "type": "Polygon", "coordinates": [ [ [ -73.919725701702291, 40.844280617153352 ], [ -73.919814674164712, 40.844517073738935 ], [ -73.919293489848513, 40.844630248008222 ], [ -73.919206751606424, 40.844392097861245 ], [ -73.919725701702291, 40.844280617153352 ] ] ] } },
{ "type": "Feature", "properties": { "facility_id": "6141" }, "geometry": { "type": "Polygon", "coordinates": [ [ [ -73.839824424724895, 40.873264802211338 ], [ -73.839246492405323, 40.873085382000383 ], [ -73.839374622417424, 40.872850538053498 ], [ -73.839955031099421, 40.873029020956132 ], [ -73.839824424724895, 40.873264802211338 ] ] ] } },
{ "type": "Feature", "properties": { "facility_id": "6143" }, "geometry": { "type": "Polygon", "coordinates": [ [ [ -73.850864486278113, 40.823234287737705 ], [ -73.851879382507036, 40.823097698235287 ], [ -73.851968813399807, 40.823476472085268 ], [ -73.850954893582099, 40.823612318924418 ], [ -73.850864486278113, 40.823234287737705 ] ] ] } },
{ "type": "Feature", "properties": { "facility_id": "6144" }, "geometry": { "type": "Polygon", "coordinates": [ [ [ -73.882429555059204, 40.834044808747748 ], [ -73.881777398510934, 40.833726390724337 ], [ -73.882448111207822, 40.832946165186812 ], [ -73.883099386224814, 40.833261742911553 ], [ -73.882429555059204, 40.834044808747748 ] ] ] } },
{ "type": "Feature", "properties": { "facility_id": "6145" }, "geometry": { "type": "Polygon", "coordinates": [ [ [ -73.89099143156028, 40.876488001490898 ], [ -73.892110025991187, 40.876993407923358 ], [ -73.891703086716277, 40.877508996488864 ], [ -73.890586250546775, 40.87700448111589 ], [ -73.89099143156028, 40.876488001490898 ] ] ] } },
{ "type": "Feature", "properties": { "facility_id": "6146" }, "geometry": { "type": "Polygon", "coordinates": [ [ [ -73.836744024439781, 40.810076501585904 ], [ -73.837739896650561, 40.809686672972525 ], [ -73.838039715364303, 40.810210950099027 ], [ -73.837153017468168, 40.810564464419812 ], [ -73.836744024439781, 40.810076501585904 ] ] ] } },
{ "type": "Feature", "properties": { "facility_id": "6147" }, "geometry": { "type": "Polygon", "coordinates": [ [ [ -73.838270313472535, 40.810489779309464 ], [ -73.837827016314904, 40.809749790883451 ], [ -73.838429668272184, 40.80955833541266 ], [ -73.838820532792383, 40.810328088087893 ], [ -73.838270313472535, 40.810489779309464 ] ] ] } },
{ "type": "Feature", "properties": { "facility_id": "6148" }, "geometry": { "type": "Polygon", "coordinates": [ [ [ -73.836542290516434, 40.808613012301898 ], [ -73.837611300763086, 40.808443276840357 ], [ -73.837777378213929, 40.808858338336336 ], [ -73.836659615518755, 40.809098865671871 ], [ -73.836542290516434, 40.808613012301898 ] ] ] } },
{ "type": "Feature", "properties": { "facility_id": "6149" }, "geometry": { "type": "Polygon", "coordinates": [ [ [ -73.839133204853638, 40.810955163237175 ], [ -73.838076414142165, 40.811268661316205 ], [ -73.83766313512939, 40.810744222877062 ], [ -73.838684985932275, 40.810440627500135 ], [ -73.839133204853638, 40.810955163237175 ] ] ] } },
{ "type": "Feature", "properties": { "facility_id": "6150" }, "geometry": { "type": "Polygon", "coordinates": [ [ [ -73.837774823025072, 40.809680090846513 ], [ -73.837431843445557, 40.808963449577043 ], [ -73.83806488098287, 40.80883503417887 ], [ -73.83840790577905, 40.809535096342699 ], [ -73.837774823025072, 40.809680090846513 ] ] ] } },
{ "type": "Feature", "properties": { "facility_id": "6151" }, "geometry": { "type": "Polygon", "coordinates": [ [ [ -73.837088632689259, 40.809306372349894 ], [ -73.837461886365986, 40.809169055240389 ], [ -73.837700722052816, 40.809646831069294 ], [ -73.836735459497632, 40.810010178491211 ], [ -73.83649228314566, 40.809525763249404 ], [ -73.837088632689259, 40.809306372349894 ] ] ] } },
{ "type": "Feature", "properties": { "facility_id": "6152" }, "geometry": { "type": "Polygon", "coordinates": [ [ [ -73.838851577155822, 40.814982783968119 ], [ -73.838340735918166, 40.815703956152305 ], [ -73.8377680892564, 40.815469903822489 ], [ -73.83828477116117, 40.814745789599137 ], [ -73.838851577155822, 40.814982783968119 ] ] ] } },
{ "type": "Feature", "properties": { "facility_id": "6153" }, "geometry": { "type": "Polygon", "coordinates": [ [ [ -73.896908799339755, 40.827406552170174 ], [ -73.896535072845978, 40.827221644647729 ], [ -73.896863245826452, 40.826829967192744 ], [ -73.897239380642972, 40.82701670831996 ], [ -73.896908799339755, 40.827406552170174 ] ] ] } },
{ "type": "Feature", "properties": { "facility_id": "6154" }, "geometry": { "type": "Polygon", "coordinates": [ [ [ -73.878029160351772, 40.877454039707935 ], [ -73.877159916901391, 40.878153381430209 ], [ -73.876684957078226, 40.877814320207221 ], [ -73.877553086305824, 40.877114763818646 ], [ -73.878029160351772, 40.877454039707935 ] ] ] } },
{ "type": "Feature", "properties": { "facility_id": "6155" }, "geometry": { "type": "Polygon", "coordinates": [ [ [ -73.897056635185194, 40.88850425405515 ], [ -73.897516921566847, 40.88757485947604 ], [ -73.898126860060614, 40.887748301766599 ], [ -73.897664989298008, 40.888676487984171 ], [ -73.897056635185194, 40.88850425405515 ] ] ] } },
{ "type": "Feature", "properties": { "facility_id": "6156" }, "geometry": { "type": "Polygon", "coordinates": [ [ [ -73.911129601499695, 40.811075845810869 ], [ -73.910979869923906, 40.811341926512497 ], [ -73.91070294434671, 40.811267424874437 ], [ -73.910806528741347, 40.810984800906454 ], [ -73.911129601499695, 40.811075845810869 ] ] ] } },
{ "type": "Feature", "properties": { "facility_id": "6158" }, "geometry": { "type": "Polygon", "coordinates": [ [ [ -73.924738189830791, 40.833098864477179 ], [ -73.924503727995798, 40.833517413301998 ], [ -73.924155222817973, 40.83340345127683 ], [ -73.924386840130609, 40.832989881922167 ], [ -73.924738189830791, 40.833098864477179 ] ] ] } },
{ "type": "Feature", "properties": { "facility_id": "6159" }, "geometry": { "type": "Polygon", "coordinates": [ [ [ -73.924157706420445, 40.834105676549093 ], [ -73.923851656209521, 40.834007313781441 ], [ -73.924052833003344, 40.833644343633765 ], [ -73.924356375188367, 40.833739845159435 ], [ -73.924157706420445, 40.834105676549093 ] ] ] } },
{ "type": "Feature", "properties": { "facility_id": "6160" }, "geometry": { "type": "Polygon", "coordinates": [ [ [ -73.92975044633765, 40.827981806695554 ], [ -73.928625041505001, 40.828482200769244 ], [ -73.928296617221491, 40.82805531173473 ], [ -73.92941967171879, 40.827554458341183 ], [ -73.92975044633765, 40.827981806695554 ] ] ] } },
{ "type": "Feature", "properties": { "facility_id": "6161" }, "geometry": { "type": "Polygon", "coordinates": [ [ [ -73.889611963640789, 40.838075352608847 ], [ -73.889879067999971, 40.838178856806834 ], [ -73.889593869099443, 40.838591894783129 ], [ -73.889338210613388, 40.838493063674228 ], [ -73.889611963640789, 40.838075352608847 ] ] ] } },
{ "type": "Feature", "properties": { "facility_id": "6162" }, "geometry": { "type": "Polygon", "coordinates": [ [ [ -73.87378686319127, 40.828967387009634 ], [ -73.873478003631078, 40.829008251656923 ], [ -73.873401346664068, 40.828673956592276 ], [ -73.873711292099301, 40.828632949259436 ], [ -73.87378686319127, 40.828967387009634 ] ] ] } },
{ "type": "Feature", "properties": { "facility_id": "6163" }, "geometry": { "type": "Polygon", "coordinates": [ [ [ -73.874702024265503, 40.869159573475166 ], [ -73.87550945158435, 40.868704665487392 ], [ -73.875880710377444, 40.869097166496871 ], [ -73.875065207722173, 40.869558175429617 ], [ -73.874702024265503, 40.869159573475166 ] ] ] } },
{ "type": "Feature", "properties": { "facility_id": "6164" }, "geometry": { "type": "Polygon", "coordinates": [ [ [ -73.870821806043779, 40.867521922729544 ], [ -73.87081134834726, 40.867250299857254 ], [ -73.871409255587977, 40.867236672439468 ], [ -73.871414999615553, 40.867511864047223 ], [ -73.870821806043779, 40.867521922729544 ] ] ] } },
{ "type": "Feature", "properties": { "facility_id": "6165" }, "geometry": { "type": "Polygon", "coordinates": [ [ [ -74.119643795305365, 40.637966090350957 ], [ -74.119336959568088, 40.638402092257515 ], [ -74.118190127471223, 40.637932903856182 ], [ -74.118496970911607, 40.637496906786076 ], [ -74.119643795305365, 40.637966090350957 ] ] ] } },
{ "type": "Feature", "properties": { "facility_id": "6166" }, "geometry": { "type": "Polygon", "coordinates": [ [ [ -74.21058808993871, 40.533756545925314 ], [ -74.210950843145213, 40.5341147088036 ], [ -74.210079215987747, 40.534598079799856 ], [ -74.209718348086028, 40.534242770824513 ], [ -74.21058808993871, 40.533756545925314 ] ] ] } },
{ "type": "Feature", "properties": { "facility_id": "6167" }, "geometry": { "type": "Polygon", "coordinates": [ [ [ -74.195404107386196, 40.56133679749265 ], [ -74.196102828570289, 40.560699028070353 ], [ -74.196550263476439, 40.560992178411837 ], [ -74.195858670448814, 40.561625461863805 ], [ -74.195404107386196, 40.56133679749265 ] ] ] } },
{ "type": "Feature", "properties": { "facility_id": "6168" }, "geometry": { "type": "Polygon", "coordinates": [ [ [ -74.081668947162811, 40.576081626064848 ], [ -74.081225943289482, 40.575643534093231 ], [ -74.08225240389865, 40.575040046513855 ], [ -74.082690632659947, 40.575478563037997 ], [ -74.081668947162811, 40.576081626064848 ] ] ] } },
{ "type": "Feature", "properties": { "facility_id": "6169" }, "geometry": { "type": "Polygon", "coordinates": [ [ [ -74.194027707252374, 40.562543379496802 ], [ -74.194585741203582, 40.562032854801615 ], [ -74.195625563392653, 40.562705857449409 ], [ -74.195074675514817, 40.563211913820609 ], [ -74.194027707252374, 40.562543379496802 ] ] ] } },
{ "type": "Feature", "properties": { "facility_id": "6170" }, "geometry": { "type": "Polygon", "coordinates": [ [ [ -74.195941275369037, 40.561680446776499 ], [ -74.196639995019169, 40.561042674105273 ], [ -74.197087434583977, 40.561335822345463 ], [ -74.196395843090912, 40.561969109013148 ], [ -74.195941275369037, 40.561680446776499 ] ] ] } },
{ "type": "Feature", "properties": { "facility_id": "6171" }, "geometry": { "type": "Polygon", "coordinates": [ [ [ -74.194653529802821, 40.561976202110422 ], [ -74.195211554234035, 40.561465674349726 ], [ -74.196251373899443, 40.562138671364934 ], [ -74.195700495439198, 40.562644730762571 ], [ -74.194653529802821, 40.561976202110422 ] ] ] } },
{ "type": "Feature", "properties": { "facility_id": "6172" }, "geometry": { "type": "Polygon", "coordinates": [ [ [ -73.838671661409023, 40.778498851997838 ], [ -73.837751012825748, 40.778468228200417 ], [ -73.837805075738913, 40.777514222346589 ], [ -73.838725651945012, 40.777544838429648 ], [ -73.838671661409023, 40.778498851997838 ] ] ] } },
{ "type": "Feature", "properties": { "facility_id": "6173" }, "geometry": { "type": "Polygon", "coordinates": [ [ [ -73.777088117001256, 40.792330862659988 ], [ -73.776463393050747, 40.792588387107962 ], [ -73.775892963849671, 40.791827828291552 ], [ -73.77652873789755, 40.791559599743749 ], [ -73.777088117001256, 40.792330862659988 ] ] ] } },
{ "type": "Feature", "properties": { "facility_id": "6174" }, "geometry": { "type": "Polygon", "coordinates": [ [ [ -73.776261774773332, 40.791555106998715 ], [ -73.775599196424153, 40.791836904706066 ], [ -73.775308605266403, 40.791442326949543 ], [ -73.775957624236213, 40.791147776829277 ], [ -73.776261774773332, 40.791555106998715 ] ] ] } },
{ "type": "Feature", "properties": { "facility_id": "6175" }, "geometry": { "type": "Polygon", "coordinates": [ [ [ -73.776318185164001, 40.792644859606227 ], [ -73.775618297194498, 40.79293943786476 ], [ -73.775038355378257, 40.792191529110383 ], [ -73.775755969917611, 40.791881320082496 ], [ -73.776318185164001, 40.792644859606227 ] ] ] } },
{ "type": "Feature", "properties": { "facility_id": "6176" }, "geometry": { "type": "Polygon", "coordinates": [ [ [ -73.754254522469509, 40.655410418704761 ], [ -73.753369469247588, 40.654855907283029 ], [ -73.753788371789142, 40.654462040842823 ], [ -73.754675839343903, 40.655016122870187 ], [ -73.754254522469509, 40.655410418704761 ] ] ] } },
{ "type": "Feature", "properties": { "facility_id": "6177" }, "geometry": { "type": "Polygon", "coordinates": [ [ [ -73.799922554888553, 40.71563346099483 ], [ -73.800579505042066, 40.715533709221347 ], [ -73.800826981407354, 40.716299953314326 ], [ -73.800197640677723, 40.716427550541418 ], [ -73.799922554888553, 40.71563346099483 ] ] ] } },
{ "type": "Feature", "properties": { "facility_id": "6178" }, "geometry": { "type": "Polygon", "coordinates": [ [ [ -73.786370943006247, 40.773013247436886 ], [ -73.785270919538149, 40.77334052121612 ], [ -73.78503597947774, 40.772880149005189 ], [ -73.78612977785572, 40.772552866804276 ], [ -73.786370943006247, 40.773013247436886 ] ] ] } },
{ "type": "Feature", "properties": { "facility_id": "6181" }, "geometry": { "type": "Polygon", "coordinates": [ [ [ -73.81752658929264, 40.745302806996833 ], [ -73.81715943057047, 40.746251940579512 ], [ -73.816497726760133, 40.746103285910067 ], [ -73.816869099168301, 40.745155652345041 ], [ -73.81752658929264, 40.745302806996833 ] ] ] } },
{ "type": "Feature", "properties": { "facility_id": "6183" }, "geometry": { "type": "Polygon", "coordinates": [ [ [ -73.902273864924794, 40.739777640343121 ], [ -73.902542405987177, 40.739036310472663 ], [ -73.903119566029503, 40.739168213965257 ], [ -73.902866222005983, 40.739902105378633 ], [ -73.902273864924794, 40.739777640343121 ] ] ] } },
{ "type": "Feature", "properties": { "facility_id": "6184" }, "geometry": { "type": "Polygon", "coordinates": [ [ [ -73.905595352312204, 40.727321245321676 ], [ -73.904963538542546, 40.728096128030231 ], [ -73.90466996909835, 40.727957593247439 ], [ -73.904355488203265, 40.727809189673323 ], [ -73.904608934851041, 40.727498359495272 ], [ -73.904987305135222, 40.727034312971348 ], [ -73.905595352312204, 40.727321245321676 ] ] ] } },
{ "type": "Feature", "properties": { "facility_id": "6185" }, "geometry": { "type": "Polygon", "coordinates": [ [ [ -73.794671541606093, 40.693238076623402 ], [ -73.795236064856397, 40.693002707958925 ], [ -73.795807342054317, 40.693789100186883 ], [ -73.795240081060243, 40.694027974274363 ], [ -73.794671541606093, 40.693238076623402 ] ] ] } },
{ "type": "Feature", "properties": { "facility_id": "6188" }, "geometry": { "type": "Polygon", "coordinates": [ [ [ -73.849265279631638, 40.671971391932786 ], [ -73.848050828579446, 40.671625506163117 ], [ -73.848251609797487, 40.671215391334094 ], [ -73.849466050953865, 40.671562812178628 ], [ -73.849265279631638, 40.671971391932786 ] ] ] } },
{ "type": "Feature", "properties": { "facility_id": "6189" }, "geometry": { "type": "Polygon", "coordinates": [ [ [ -73.808746706177104, 40.66761133263504 ], [ -73.80808339043503, 40.667593549480728 ], [ -73.808150458323382, 40.667121901646993 ], [ -73.808812191112452, 40.667144447333229 ], [ -73.808746706177104, 40.66761133263504 ] ] ] } },
{ "type": "Feature", "properties": { "facility_id": "6190" }, "geometry": { "type": "Polygon", "coordinates": [ [ [ -73.922825562741565, 40.774806533031501 ], [ -73.922701975919267, 40.774646941387388 ], [ -73.92298797746912, 40.774520428508779 ], [ -73.923115657404409, 40.774673810009524 ], [ -73.922825562741565, 40.774806533031501 ] ] ] } },
{ "type": "Feature", "properties": { "facility_id": "6191" }, "geometry": { "type": "Polygon", "coordinates": [ [ [ -73.853282029549888, 40.69148896679409 ], [ -73.853082873203761, 40.69152921695202 ], [ -73.853003771577264, 40.691302452881487 ], [ -73.853202926112772, 40.691262201957265 ], [ -73.853282029549888, 40.69148896679409 ] ] ] } },
{ "type": "Feature", "properties": { "facility_id": "6198" }, "geometry": { "type": "Polygon", "coordinates": [ [ [ -73.76566972999737, 40.738051039761793 ], [ -73.765328405692642, 40.738149798045569 ], [ -73.765095705913239, 40.737694722394473 ], [ -73.765429327678703, 40.737599145022124 ], [ -73.76566972999737, 40.738051039761793 ] ] ] } },
{ "type": "Feature", "properties": { "facility_id": "6199" }, "geometry": { "type": "Polygon", "coordinates": [ [ [ -73.888582391302322, 40.683279926664291 ], [ -73.887363759650171, 40.683855916127165 ], [ -73.887139040132723, 40.683569600625084 ], [ -73.888355408428723, 40.682993322263705 ], [ -73.888582391302322, 40.683279926664291 ] ] ] } },
{ "type": "Feature", "properties": { "facility_id": "6200" }, "geometry": { "type": "Polygon", "coordinates": [ [ [ -73.852471060691627, 40.700806404565419 ], [ -73.853143841142227, 40.701654455162746 ], [ -73.852595116560721, 40.701910478330845 ], [ -73.851918131772905, 40.701059209710138 ], [ -73.852471060691627, 40.700806404565419 ] ] ] } },
{ "type": "Feature", "properties": { "facility_id": "6201" }, "geometry": { "type": "Polygon", "coordinates": [ [ [ -73.79092717996231, 40.789202154640151 ], [ -73.790809027929754, 40.789658317084218 ], [ -73.789741337689335, 40.789498561936263 ], [ -73.789859495563277, 40.789042402374292 ], [ -73.79092717996231, 40.789202154640151 ] ] ] } },
{ "type": "Feature", "properties": { "facility_id": "6202" }, "geometry": { "type": "Polygon", "coordinates": [ [ [ -73.789403605613842, 40.78947477266032 ], [ -73.789502865971187, 40.78998800669428 ], [ -73.788305201743455, 40.790121804380796 ], [ -73.788205949234481, 40.789608569323903 ], [ -73.789403605613842, 40.78947477266032 ] ] ] } },
{ "type": "Feature", "properties": { "facility_id": "6203" }, "geometry": { "type": "Polygon", "coordinates": [ [ [ -73.911421907447178, 40.709981022833865 ], [ -73.911631252438013, 40.710103221931064 ], [ -73.91129347630941, 40.71044231173547 ], [ -73.911042545487561, 40.710297572520524 ], [ -73.911378869378737, 40.709959942056507 ], [ -73.911381414706881, 40.709957386563694 ], [ -73.911421907447178, 40.709981022833865 ] ] ] } },
{ "type": "Feature", "properties": { "facility_id": "6204" }, "geometry": { "type": "Polygon", "coordinates": [ [ [ -73.911975018633356, 40.710303885107585 ], [ -73.911636198691141, 40.710639994417555 ], [ -73.911371975116595, 40.710487589573958 ], [ -73.911711955687039, 40.710150330170663 ], [ -73.911723488448132, 40.71015706223298 ], [ -73.911729811188309, 40.710160752874401 ], [ -73.911961496876302, 40.710295991690913 ], [ -73.911975018633356, 40.710303885107585 ] ] ] } },
{ "type": "Feature", "properties": { "facility_id": "6207" }, "geometry": { "type": "Polygon", "coordinates": [ [ [ -73.938411860285981, 40.789662234845288 ], [ -73.937945183259174, 40.789470596570617 ], [ -73.938098868492744, 40.789257418091175 ], [ -73.938563150280771, 40.78944358663238 ], [ -73.938411860285981, 40.789662234845288 ] ] ] } },
{ "type": "Feature", "properties": { "facility_id": "6208" }, "geometry": { "type": "Polygon", "coordinates": [ [ [ -73.934740071790074, 40.800058548776406 ], [ -73.934663822430323, 40.799512466132363 ], [ -73.935058284231104, 40.79948075012468 ], [ -73.935134536791395, 40.800026831610033 ], [ -73.934740071790074, 40.800058548776406 ] ] ] } },
{ "type": "Feature", "properties": { "facility_id": "6209" }, "geometry": { "type": "Polygon", "coordinates": [ [ [ -73.933922197821389, 40.805696136853363 ], [ -73.933591570368208, 40.806149767532176 ], [ -73.933017506443349, 40.805906674509124 ], [ -73.933339669598752, 40.805454935212516 ], [ -73.933922197821389, 40.805696136853363 ] ] ] } },
{ "type": "Feature", "properties": { "facility_id": "6210" }, "geometry": { "type": "Polygon", "coordinates": [ [ [ -73.933591570368208, 40.806149767532176 ], [ -73.933922197821389, 40.805696136853363 ], [ -73.934510813227362, 40.805945927952379 ], [ -73.934177374748529, 40.806390325883456 ], [ -73.933591570368208, 40.806149767532176 ] ] ] } },
{ "type": "Feature", "properties": { "facility_id": "6211" }, "geometry": { "type": "Polygon", "coordinates": [ [ [ -73.995690371408685, 40.71018392138285 ], [ -73.995023210457376, 40.710285083980885 ], [ -73.994970454331025, 40.710083613987209 ], [ -73.995634896479388, 40.709979305204044 ], [ -73.995690371408685, 40.71018392138285 ] ] ] } },
{ "type": "Feature", "properties": { "facility_id": "6212" }, "geometry": { "type": "Polygon", "coordinates": [ [ [ -73.934663096626224, 40.818825011504543 ], [ -73.934516375449604, 40.818765851187528 ], [ -73.934620525907448, 40.818621909161145 ], [ -73.934766272719997, 40.818683284017837 ], [ -73.934663096626224, 40.818825011504543 ] ] ] } },
{ "type": "Feature", "properties": { "facility_id": "6213" }, "geometry": { "type": "Polygon", "coordinates": [ [ [ -73.969850649002936, 40.748124838630147 ], [ -73.969866790817889, 40.748141945269147 ], [ -73.969864486595156, 40.748162927362621 ], [ -73.969643225184882, 40.74847418237141 ], [ -73.969628822254194, 40.748486747840339 ], [ -73.969596743942333, 40.748498119974975 ], [ -73.969561466510214, 40.748495942238819 ], [ -73.969383599182962, 40.74842086762056 ], [ -73.969367756544273, 40.748394442555615 ], [ -73.969371800417136, 40.748365564396174 ], [ -73.969595569881108, 40.748045498211404 ], [ -73.969619368681748, 40.748037327894181 ], [ -73.969645299939472, 40.748039655335667 ], [ -73.969850649002936, 40.748124838630147 ] ] ] } },
{ "type": "Feature", "properties": { "facility_id": "6214" }, "geometry": { "type": "Polygon", "coordinates": [ [ [ -73.976890403271923, 40.713458759824739 ], [ -73.976706045042278, 40.713812877245694 ], [ -73.976462966142265, 40.713730594085391 ], [ -73.976641072861881, 40.713380952219289 ], [ -73.976890403271923, 40.713458759824739 ] ] ] } },
{ "type": "Feature", "properties": { "facility_id": "6215" }, "geometry": { "type": "Polygon", "coordinates": [ [ [ -73.924434053179382, 40.784001343024947 ], [ -73.924045616749638, 40.783560690969203 ], [ -73.924937495167171, 40.783106455271231 ], [ -73.925325933664752, 40.783547104350802 ], [ -73.924434053179382, 40.784001343024947 ] ] ] } },
{ "type": "Feature", "properties": { "facility_id": "6216" }, "geometry": { "type": "Polygon", "coordinates": [ [ [ -73.925807968344742, 40.785560092733263 ], [ -73.925253259779822, 40.785311176057391 ], [ -73.925799062863803, 40.784608464836296 ], [ -73.926353768799473, 40.784857378912868 ], [ -73.925807968344742, 40.785560092733263 ] ] ] } },
{ "type": "Feature", "properties": { "facility_id": "6217" }, "geometry": { "type": "Polygon", "coordinates": [ [ [ -73.925028395388694, 40.784858436091739 ], [ -73.924423645290958, 40.784184182177441 ], [ -73.925007953577435, 40.783887012892293 ], [ -73.925608060116033, 40.784563657907221 ], [ -73.925028395388694, 40.784858436091739 ] ] ] } },
{ "type": "Feature", "properties": { "facility_id": "6218" }, "geometry": { "type": "Polygon", "coordinates": [ [ [ -73.931665116882201, 40.783405141908993 ], [ -73.932036749864253, 40.782960689383387 ], [ -73.932939902568393, 40.783402113155908 ], [ -73.932571043030109, 40.783843025809823 ], [ -73.931665116882201, 40.783405141908993 ] ] ] } },
{ "type": "Feature", "properties": { "facility_id": "6219" }, "geometry": { "type": "Polygon", "coordinates": [ [ [ -73.933277561015743, 40.784153800333591 ], [ -73.932675634659745, 40.783885437553828 ], [ -73.933218801767495, 40.783181552219872 ], [ -73.933820723950333, 40.783449911291143 ], [ -73.933277561015743, 40.784153800333591 ] ] ] } },
{ "type": "Feature", "properties": { "facility_id": "6220" }, "geometry": { "type": "Polygon", "coordinates": [ [ [ -73.994519424013305, 40.716132504659434 ], [ -73.994333502019032, 40.716489278687057 ], [ -73.994105299026216, 40.716420896896132 ], [ -73.994290339221578, 40.716063390174718 ], [ -73.994519424013305, 40.716132504659434 ] ] ] } },
{ "type": "Feature", "properties": { "facility_id": "6221" }, "geometry": { "type": "Polygon", "coordinates": [ [ [ -73.927477730283215, 40.787683489600589 ], [ -73.927088955511408, 40.788123981102494 ], [ -73.926108186475901, 40.787623913289032 ], [ -73.926496964816465, 40.787183425061464 ], [ -73.927477730283215, 40.787683489600589 ] ] ] } },
{ "type": "Feature", "properties": { "facility_id": "6222" }, "geometry": { "type": "Polygon", "coordinates": [ [ [ -73.925916624498498, 40.788328208264005 ], [ -73.92630661346081, 40.787879937569002 ], [ -73.927211910752519, 40.788336741882262 ], [ -73.926821908066458, 40.788786599579296 ], [ -73.925916624498498, 40.788328208264005 ] ] ] } },
{ "type": "Feature", "properties": { "facility_id": "6223" }, "geometry": { "type": "Polygon", "coordinates": [ [ [ -73.926177483441435, 40.78953595115766 ], [ -73.925585334551045, 40.789240726516205 ], [ -73.926184132741341, 40.788549471842359 ], [ -73.926774076532226, 40.788847080169077 ], [ -73.926177483441435, 40.78953595115766 ] ] ] } },
{ "type": "Feature", "properties": { "facility_id": "6224" }, "geometry": { "type": "Polygon", "coordinates": [ [ [ -73.927421197610528, 40.786860685813103 ], [ -73.92703437157644, 40.787302165360842 ], [ -73.926051414548482, 40.786804599001158 ], [ -73.926438244209521, 40.786363122718697 ], [ -73.927421197610528, 40.786860685813103 ] ] ] } },
{ "type": "Feature", "properties": { "facility_id": "6225" }, "geometry": { "type": "Polygon", "coordinates": [ [ [ -73.922413334606091, 40.800843949395542 ], [ -73.921940461286624, 40.80105305388954 ], [ -73.921498981840784, 40.800476527213263 ], [ -73.921971851266491, 40.800267424510331 ], [ -73.922413334606091, 40.800843949395542 ] ] ] } },
{ "type": "Feature", "properties": { "facility_id": "6226" }, "geometry": { "type": "Polygon", "coordinates": [ [ [ -73.923400013746175, 40.801372464883862 ], [ -73.923080902533115, 40.801782472140488 ], [ -73.922194795221344, 40.801384221479623 ], [ -73.922513908796034, 40.800974218450207 ], [ -73.923400013746175, 40.801372464883862 ] ] ] } },
{ "type": "Feature", "properties": { "facility_id": "6227" }, "geometry": { "type": "Polygon", "coordinates": [ [ [ -73.924863965891404, 40.801811626639832 ], [ -73.923988112620265, 40.801816676050699 ], [ -73.923983943337674, 40.801398799314875 ], [ -73.924859791111771, 40.801393749034879 ], [ -73.924863965891404, 40.801811626639832 ] ] ] } },
{ "type": "Feature", "properties": { "facility_id": "6228" }, "geometry": { "type": "Polygon", "coordinates": [ [ [ -73.959007404666963, 40.765498315914229 ], [ -73.959004722164551, 40.76550197010561 ], [ -73.958998645492912, 40.765499420417328 ], [ -73.95872519101988, 40.765384675104308 ], [ -73.95871172103358, 40.765379023216987 ], [ -73.95875773734582, 40.76531645916959 ], [ -73.958789953453433, 40.765272659374034 ], [ -73.958830707754345, 40.765217248819582 ], [ -73.958837044750751, 40.765208633259924 ], [ -73.958845868654237, 40.765196636294966 ], [ -73.958880206458687, 40.765149949314704 ], [ -73.958922481434712, 40.7650924726127 ], [ -73.95893375385505, 40.765097035883436 ], [ -73.959210077827393, 40.765208901010055 ], [ -73.959217599115632, 40.765211945575402 ], [ -73.95917329608379, 40.765272304179483 ], [ -73.959172337121842, 40.765273611371555 ], [ -73.959139680252093, 40.765318103605217 ], [ -73.959126733658408, 40.765335741688283 ], [ -73.95909415851898, 40.765380121374676 ], [ -73.959082584559425, 40.765395891394121 ], [ -73.95904855135322, 40.765442257061288 ], [ -73.959047584089632, 40.765443574154887 ], [ -73.959007404666963, 40.765498315914229 ] ] ] } },
{ "type": "Feature", "properties": { "facility_id": "6229" }, "geometry": { "type": "Polygon", "coordinates": [ [ [ -73.985549677632122, 40.784866995714069 ], [ -73.985179827136818, 40.784726375987645 ], [ -73.985700325492459, 40.783992606964524 ], [ -73.986063903204595, 40.78414037155806 ], [ -73.985549677632122, 40.784866995714069 ] ] ] } },
{ "type": "Feature", "properties": { "facility_id": "6230" }, "geometry": { "type": "Polygon", "coordinates": [ [ [ -73.987114490222538, 40.782647746868783 ], [ -73.986876769961796, 40.782570060783733 ], [ -73.987189260082403, 40.78208323071923 ], [ -73.987436905457713, 40.782166765105906 ], [ -73.987114490222538, 40.782647746868783 ] ] ] } },
{ "type": "Feature", "properties": { "facility_id": "6231" }, "geometry": { "type": "Polygon", "coordinates": [ [ [ -73.988154197064844, 40.780985087397163 ], [ -73.987862180689575, 40.780854474335932 ], [ -73.988386257032317, 40.780155907258532 ], [ -73.988693093223958, 40.780288915796106 ], [ -73.988154197064844, 40.780985087397163 ] ] ] } },
{ "type": "Feature", "properties": { "facility_id": "6232" }, "geometry": { "type": "Polygon", "coordinates": [ [ [ -73.935912572386442, 40.793832202486939 ], [ -73.93563790174781, 40.794201230229689 ], [ -73.935169411420006, 40.793998925133124 ], [ -73.935440630619937, 40.793635257239373 ], [ -73.935912572386442, 40.793832202486939 ] ] ] } },
{ "type": "Feature", "properties": { "facility_id": "6233" }, "geometry": { "type": "Polygon", "coordinates": [ [ [ -73.93563790174781, 40.794201230229689 ], [ -73.935912572386442, 40.793832202486939 ], [ -73.936393204894188, 40.794041183075159 ], [ -73.936123867427938, 40.79440842741289 ], [ -73.93563790174781, 40.794201230229689 ] ] ] } },
{ "type": "Feature", "properties": { "facility_id": "6234" }, "geometry": { "type": "Polygon", "coordinates": [ [ [ -73.93637992900139, 40.794042843474571 ], [ -73.93612013216331, 40.794397809345966 ], [ -73.935177784848392, 40.793996669586903 ], [ -73.935442198354266, 40.793643669690887 ], [ -73.93637992900139, 40.794042843474571 ] ] ] } },
{ "type": "Feature", "properties": { "facility_id": "6235" }, "geometry": { "type": "Polygon", "coordinates": [ [ [ -73.92832124921695, 40.875602555839208 ], [ -73.928687685233427, 40.875746473702982 ], [ -73.928317587684376, 40.876211530072077 ], [ -73.927988519176722, 40.876060650185892 ], [ -73.92832124921695, 40.875602555839208 ] ] ] } },
{ "type": "Feature", "properties": { "facility_id": "6236" }, "geometry": { "type": "Polygon", "coordinates": [ [ [ -73.928910095240667, 40.875698714874538 ], [ -73.92839651199202, 40.87547031548705 ], [ -73.928962397632588, 40.874556061187391 ], [ -73.929513618450855, 40.87475263533382 ], [ -73.928910095240667, 40.875698714874538 ] ] ] } },
{ "type": "Feature", "properties": { "facility_id": "6237" }, "geometry": { "type": "Polygon", "coordinates": [ [ [ -73.922764716584425, 40.87383206377342 ], [ -73.922097183390349, 40.873002630059901 ], [ -73.922764840301639, 40.872693020883368 ], [ -73.92345453804063, 40.873549984402956 ], [ -73.922764716584425, 40.87383206377342 ] ] ] } },
{ "type": "Feature", "properties": { "facility_id": "6238" }, "geometry": { "type": "Polygon", "coordinates": [ [ [ -73.932817972065479, 40.844039438990926 ], [ -73.932501273760522, 40.844503794945638 ], [ -73.932217288329369, 40.844392097880259 ], [ -73.932533988084913, 40.843927742696359 ], [ -73.932817972065479, 40.844039438990926 ] ] ] } },
{ "type": "Feature", "properties": { "facility_id": "6239" }, "geometry": { "type": "Polygon", "coordinates": [ [ [ -73.947626260326544, 40.840723361897659 ], [ -73.947184386010974, 40.841448206038649 ], [ -73.946764933663502, 40.841300726744741 ], [ -73.947206810384728, 40.840575883291258 ], [ -73.947626260326544, 40.840723361897659 ] ] ] } },
{ "type": "Feature", "properties": { "facility_id": "6240" }, "geometry": { "type": "Polygon", "coordinates": [ [ [ -73.98034870173926, 40.711253217627615 ], [ -73.980375369678242, 40.711487553091338 ], [ -73.979727274466924, 40.711528954329054 ], [ -73.979703298991367, 40.711297539547331 ], [ -73.98034870173926, 40.711253217627615 ] ] ] } },
{ "type": "Feature", "properties": { "facility_id": "6241" }, "geometry": { "type": "Polygon", "coordinates": [ [ [ -74.00037157192979, 40.715144516326141 ], [ -74.00039435090234, 40.715416270444223 ], [ -73.999860446326281, 40.71545024008347 ], [ -73.999834025563075, 40.715179179248729 ], [ -74.00037157192979, 40.715144516326141 ] ] ] } },
{ "type": "Feature", "properties": { "facility_id": "6242" }, "geometry": { "type": "Polygon", "coordinates": [ [ [ -74.020890125096614, 40.652173593361134 ], [ -74.021203859974079, 40.651869976956966 ], [ -74.021381367893227, 40.651976111488302 ], [ -74.021065778411128, 40.652276699372486 ], [ -74.020890125096614, 40.652173593361134 ] ] ] } },
{ "type": "Feature", "properties": { "facility_id": "6244" }, "geometry": { "type": "Polygon", "coordinates": [ [ [ -73.934664937878466, 40.674414229664997 ], [ -73.934604929825127, 40.675043257647879 ], [ -73.933596488091538, 40.674993393048688 ], [ -73.933660477570257, 40.67435579767502 ], [ -73.934664937878466, 40.674414229664997 ] ] ] } },
{ "type": "Feature", "properties": { "facility_id": "6245" }, "geometry": { "type": "Polygon", "coordinates": [ [ [ -73.973332961450566, 40.681186057739858 ], [ -73.972971355364095, 40.681109990675289 ], [ -73.973109709516137, 40.680715015202651 ], [ -73.973472178153401, 40.680791453047277 ], [ -73.973332961450566, 40.681186057739858 ] ] ] } },
{ "type": "Feature", "properties": { "facility_id": "6246" }, "geometry": { "type": "Polygon", "coordinates": [ [ [ -73.950745103080436, 40.695635770834706 ], [ -73.951215979765806, 40.695582183766994 ], [ -73.951251445188419, 40.695760644395676 ], [ -73.95078216801285, 40.695814299830282 ], [ -73.950745103080436, 40.695635770834706 ] ] ] } },
{ "type": "Feature", "properties": { "facility_id": "6247" }, "geometry": { "type": "Polygon", "coordinates": [ [ [ -73.951213004956003, 40.695558476508275 ], [ -73.950741318179467, 40.695613402279633 ], [ -73.950699299286228, 40.695430602713728 ], [ -73.951178186164185, 40.695374583343899 ], [ -73.951213004956003, 40.695558476508275 ] ] ] } },
{ "type": "Feature", "properties": { "facility_id": "6248" }, "geometry": { "type": "Polygon", "coordinates": [ [ [ -73.886863112466543, 40.659242165792861 ], [ -73.887145414725808, 40.659120928204722 ], [ -73.887429044970432, 40.659503584688679 ], [ -73.887146739021716, 40.659625652341347 ], [ -73.886863112466543, 40.659242165792861 ] ] ] } },
{ "type": "Feature", "properties": { "facility_id": "6249" }, "geometry": { "type": "Polygon", "coordinates": [ [ [ -73.887522543910634, 40.658958724500685 ], [ -73.887804845652639, 40.65883707015351 ], [ -73.888088477776591, 40.6592201401618 ], [ -73.887806174932265, 40.659341794299145 ], [ -73.887522543910634, 40.658958724500685 ] ] ] } },
{ "type": "Feature", "properties": { "facility_id": "6250" }, "geometry": { "type": "Polygon", "coordinates": [ [ [ -73.898229226979282, 40.619122209223057 ], [ -73.898077433540905, 40.61897850555394 ], [ -73.898472981971835, 40.618735898565916 ], [ -73.898621078511653, 40.618876100831663 ], [ -73.898229226979282, 40.619122209223057 ] ] ] } },
{ "type": "Feature", "properties": { "facility_id": "6251" }, "geometry": { "type": "Polygon", "coordinates": [ [ [ -73.885032562139457, 40.677400487354305 ], [ -73.884553303399599, 40.677473072592697 ], [ -73.884415395513884, 40.676945277119174 ], [ -73.884895182910853, 40.676874727247508 ], [ -73.885032562139457, 40.677400487354305 ] ] ] } },
{ "type": "Feature", "properties": { "facility_id": "6252" }, "geometry": { "type": "Polygon", "coordinates": [ [ [ -73.960194861081035, 40.735786623456157 ], [ -73.959885895739063, 40.735955720773653 ], [ -73.959770054845592, 40.735833254519839 ], [ -73.96007901991365, 40.735664157510215 ], [ -73.960194861081035, 40.735786623456157 ] ] ] } },
{ "type": "Feature", "properties": { "facility_id": "6254" }, "geometry": { "type": "Polygon", "coordinates": [ [ [ -73.960342612249391, 40.735942972879307 ], [ -73.960033646557406, 40.736112070589527 ], [ -73.95991780512054, 40.73598960448701 ], [ -73.96022677053864, 40.735820507084675 ], [ -73.960342612249391, 40.735942972879307 ] ] ] } },
{ "type": "Feature", "properties": { "facility_id": "6255" }, "geometry": { "type": "Polygon", "coordinates": [ [ [ -74.002933372218649, 40.671312549254381 ], [ -74.001913998781831, 40.671028053819953 ], [ -74.002154398711468, 40.67052177623998 ], [ -74.003175138549338, 40.670806269523744 ], [ -74.002933372218649, 40.671312549254381 ] ] ] } },
{ "type": "Feature", "properties": { "facility_id": "6256" }, "geometry": { "type": "Polygon", "coordinates": [ [ [ -74.005256874614886, 40.672641037172518 ], [ -74.006302789969212, 40.672928117479664 ], [ -74.006086367025034, 40.673395781927375 ], [ -74.005040470421974, 40.673112882560304 ], [ -74.005256874614886, 40.672641037172518 ] ] ] } },
{ "type": "Feature", "properties": { "facility_id": "6257" }, "geometry": { "type": "Polygon", "coordinates": [ [ [ -74.004200723138496, 40.671916480139203 ], [ -74.003561297792672, 40.671732345443708 ], [ -74.004002102089402, 40.670851775585092 ], [ -74.004641528489358, 40.671035912352302 ], [ -74.004200723138496, 40.671916480139203 ] ] ] } },
{ "type": "Feature", "properties": { "facility_id": "6258" }, "geometry": { "type": "Polygon", "coordinates": [ [ [ -73.993139395897614, 40.585073995229948 ], [ -73.993739363926252, 40.585851723407266 ], [ -73.993064277307766, 40.586156662226038 ], [ -73.992459314225783, 40.585380836626108 ], [ -73.993139395897614, 40.585073995229948 ] ] ] } },
{ "type": "Feature", "properties": { "facility_id": "6259" }, "geometry": { "type": "Polygon", "coordinates": [ [ [ -73.996189867954214, 40.582902386319219 ], [ -73.996593549856684, 40.583748092515449 ], [ -73.995918078319633, 40.583935507299458 ], [ -73.995514403837873, 40.58308979874473 ], [ -73.996189867954214, 40.582902386319219 ] ] ] } },
{ "type": "Feature", "properties": { "facility_id": "6260" }, "geometry": { "type": "Polygon", "coordinates": [ [ [ -73.995446186019606, 40.584209559433603 ], [ -73.995801896103671, 40.584682778327668 ], [ -73.994761622099148, 40.585121422065853 ], [ -73.994398690510323, 40.584649662068848 ], [ -73.995446186019606, 40.584209559433603 ] ] ] } },
{ "type": "Feature", "properties": { "facility_id": "6261" }, "geometry": { "type": "Polygon", "coordinates": [ [ [ -73.99486740292221, 40.583475400230071 ], [ -73.995280448170973, 40.583979422127555 ], [ -73.994297543828367, 40.584447618319125 ], [ -73.99388450428313, 40.583943592009696 ], [ -73.99486740292221, 40.583475400230071 ] ] ] } },
{ "type": "Feature", "properties": { "facility_id": "6262" }, "geometry": { "type": "Polygon", "coordinates": [ [ [ -73.99675194607353, 40.583977011117355 ], [ -73.99715338574434, 40.584817991952079 ], [ -73.996477906138196, 40.585005410008698 ], [ -73.996076472665649, 40.584164426828607 ], [ -73.99675194607353, 40.583977011117355 ] ] ] } },
{ "type": "Feature", "properties": { "facility_id": "6263" }, "geometry": { "type": "Polygon", "coordinates": [ [ [ -73.985841901824998, 40.673336729202504 ], [ -73.985519209303916, 40.673722588559414 ], [ -73.985119339731412, 40.673528732288453 ], [ -73.98544203481076, 40.673142874044217 ], [ -73.985841901824998, 40.673336729202504 ] ] ] } },
{ "type": "Feature", "properties": { "facility_id": "6264" }, "geometry": { "type": "Polygon", "coordinates": [ [ [ -73.946053563950457, 40.592724911502209 ], [ -73.945507021891544, 40.592771506036065 ], [ -73.945377864204559, 40.592066232461562 ], [ -73.94591900301144, 40.592006749512564 ], [ -73.946053563950457, 40.592724911502209 ] ] ] } },
{ "type": "Feature", "properties": { "facility_id": "6265" }, "geometry": { "type": "Polygon", "coordinates": [ [ [ -73.985420900297711, 40.67313262800873 ], [ -73.985098206328246, 40.673518487094817 ], [ -73.984714331667391, 40.67333238311555 ], [ -73.985037026957357, 40.67294652509753 ], [ -73.985420900297711, 40.67313262800873 ] ] ] } },
{ "type": "Feature", "properties": { "facility_id": "6266" }, "geometry": { "type": "Polygon", "coordinates": [ [ [ -73.984735736057985, 40.59549346252647 ], [ -73.984246324527405, 40.595545162121418 ], [ -73.984080991210078, 40.59480675213981 ], [ -73.984583617559849, 40.594751693368231 ], [ -73.984735736057985, 40.59549346252647 ] ] ] } },
{ "type": "Feature", "properties": { "facility_id": "6267" }, "geometry": { "type": "Polygon", "coordinates": [ [ [ -73.986678624881179, 40.607522701616261 ], [ -73.986943841587461, 40.607493764970719 ], [ -73.98694698692519, 40.60749387249006 ], [ -73.986950060105954, 40.607494393340517 ], [ -73.986952970151791, 40.607495309501367 ], [ -73.986955627268046, 40.607496594847298 ], [ -73.986957954659772, 40.607498210647158 ], [ -73.986959881441649, 40.60750010916535 ], [ -73.986961348546203, 40.607502231861247 ], [ -73.98696231344897, 40.607504515693513 ], [ -73.986962737194077, 40.607506775150277 ], [ -73.986963555177084, 40.60751112926507 ], [ -73.986964787463293, 40.607517688804265 ], [ -73.987030015168173, 40.60786493640996 ], [ -73.987038716810147, 40.607911263823596 ], [ -73.98703849428685, 40.607913248548066 ], [ -73.987037833406703, 40.607915176490245 ], [ -73.987036753086102, 40.607916990018815 ], [ -73.987035284056191, 40.607918637807614 ], [ -73.987033468863359, 40.607920072133723 ], [ -73.987031360687226, 40.607921249778094 ], [ -73.98702902097655, 40.607922138328874 ], [ -73.98702651708696, 40.607922710777977 ], [ -73.987007942178067, 40.607924737554974 ], [ -73.986776169286202, 40.60795002478401 ], [ -73.986747376971849, 40.607953166089111 ], [ -73.986744375774393, 40.607953017156959 ], [ -73.986741445545476, 40.607952499019085 ], [ -73.986738663085035, 40.60795162699322 ], [ -73.986736104010475, 40.607950421800062 ], [ -73.986733834483843, 40.607948917667095 ], [ -73.986731914758479, 40.607947152423236 ], [ -73.98673039563306, 40.607945173801951 ], [ -73.986729317271028, 40.607943034038207 ], [ -73.986654903419932, 40.607546871566051 ], [ -73.986653069199861, 40.607537105196251 ], [ -73.98665315587688, 40.607534995284155 ], [ -73.98665369509034, 40.607532925047593 ], [ -73.986654672650076, 40.607530950317177 ], [ -73.98665606136916, 40.607529124220605 ], [ -73.986657823427194, 40.607527496282074 ], [ -73.986659911552408, 40.607526109721221 ], [ -73.986662270202856, 40.607525003253855 ], [ -73.986664834385962, 40.607524206589773 ], [ -73.986678624881179, 40.607522701616261 ] ] ] } },
{ "type": "Feature", "properties": { "facility_id": "6268" }, "geometry": { "type": "Polygon", "coordinates": [ [ [ -74.018228907283245, 40.625143231071007 ], [ -74.017828861542768, 40.625511609174119 ], [ -74.017616498536995, 40.625377725587711 ], [ -74.01801654464704, 40.625009348218349 ], [ -74.018228907283245, 40.625143231071007 ] ] ] } },
{ "type": "Feature", "properties": { "facility_id": "6269" }, "geometry": { "type": "Polygon", "coordinates": [ [ [ -73.965563579991752, 40.652041255036842 ], [ -73.965917120788703, 40.651904198942141 ], [ -73.966371082291715, 40.652572764094046 ], [ -73.96602164133617, 40.652703643435949 ], [ -73.965563579991752, 40.652041255036842 ] ] ] } },
{ "type": "Feature", "properties": { "facility_id": "6270" }, "geometry": { "type": "Polygon", "coordinates": [ [ [ -73.966199263049788, 40.652157246542664 ], [ -73.966540058362384, 40.652027401535065 ], [ -73.966972136387312, 40.652681662222477 ], [ -73.966635439792213, 40.652805330340811 ], [ -73.966199263049788, 40.652157246542664 ] ] ] } },
{ "type": "Feature", "properties": { "facility_id": "6271" }, "geometry": { "type": "Polygon", "coordinates": [ [ [ -73.966761325097863, 40.652290971482493 ], [ -73.967444982968701, 40.652025912431839 ], [ -73.967696307667353, 40.652409729761125 ], [ -73.967020234450871, 40.652671847778379 ], [ -73.966761325097863, 40.652290971482493 ] ] ] } },
{ "type": "Feature", "properties": { "facility_id": "6272" }, "geometry": { "type": "Polygon", "coordinates": [ [ [ -73.967444982968701, 40.652025912431839 ], [ -73.966761325097863, 40.652290971482493 ], [ -73.966496680198091, 40.651901653266762 ], [ -73.967188789953397, 40.651634654873206 ], [ -73.967444982968701, 40.652025912431839 ] ] ] } },
{ "type": "Feature", "properties": { "facility_id": "6273" }, "geometry": { "type": "Polygon", "coordinates": [ [ [ -73.966072020993678, 40.650525680376838 ], [ -73.96660793041535, 40.651326770083948 ], [ -73.965885353201529, 40.651607901285821 ], [ -73.965349956340859, 40.650808893087891 ], [ -73.966072020993678, 40.650525680376838 ] ] ] } },
{ "type": "Feature", "properties": { "facility_id": "6274" }, "geometry": { "type": "Polygon", "coordinates": [ [ [ -73.966978506475783, 40.650169746299589 ], [ -73.967521748668418, 40.650973047355777 ], [ -73.966868130370088, 40.651228014444385 ], [ -73.966323204475486, 40.650426924202122 ], [ -73.966978506475783, 40.650169746299589 ] ] ] } },
{ "type": "Feature", "properties": { "facility_id": "6275" }, "geometry": { "type": "Polygon", "coordinates": [ [ [ -73.968024555917992, 40.649734970317461 ], [ -73.968701366954392, 40.649463894473627 ], [ -73.968977291756872, 40.649889521436428 ], [ -73.969249862269038, 40.650309967942661 ], [ -73.968576720172962, 40.650579814283567 ], [ -73.968302388423524, 40.650160073515437 ], [ -73.968024555917992, 40.649734970317461 ] ] ] } },
{ "type": "Feature", "properties": { "facility_id": "6276" }, "geometry": { "type": "Polygon", "coordinates": [ [ [ -73.969214056276314, 40.64977218908129 ], [ -73.9701275864076, 40.649413154077095 ], [ -73.970412822945477, 40.64984344289428 ], [ -73.969508302432175, 40.650200194321684 ], [ -73.969214056276314, 40.64977218908129 ] ] ] } },
{ "type": "Feature", "properties": { "facility_id": "6277" }, "geometry": { "type": "Polygon", "coordinates": [ [ [ -73.969197497028958, 40.650544695437283 ], [ -73.970080587374454, 40.65019762776091 ], [ -73.970294274976951, 40.650514269997487 ], [ -73.969401062900516, 40.650866799149597 ], [ -73.969197497028958, 40.650544695437283 ] ] ] } },
{ "type": "Feature", "properties": { "facility_id": "6278" }, "geometry": { "type": "Polygon", "coordinates": [ [ [ -73.969401062900516, 40.650866799149597 ], [ -73.970294274976951, 40.650514269997487 ], [ -73.970510755496534, 40.650861756165675 ], [ -73.969625463443734, 40.651215580420057 ], [ -73.969401062900516, 40.650866799149597 ] ] ] } },
{ "type": "Feature", "properties": { "facility_id": "6279" }, "geometry": { "type": "Polygon", "coordinates": [ [ [ -73.98552678768624, 40.696267941131879 ], [ -73.985496817380351, 40.69670812317878 ], [ -73.985145621920921, 40.696696320395922 ], [ -73.985174199880845, 40.696254901856435 ], [ -73.98552678768624, 40.696267941131879 ] ] ] } },
{ "type": "Feature", "properties": { "facility_id": "6281" }, "geometry": { "type": "Polygon", "coordinates": [ [ [ -73.905594558430352, 40.728382981138019 ], [ -73.905028611898388, 40.728118741278422 ], [ -73.905666977938623, 40.727370734782639 ], [ -73.906235605497315, 40.727663434314515 ], [ -73.905594558430352, 40.728382981138019 ] ] ] } },
{ "type": "Feature", "properties": { "facility_id": "6312" }, "geometry": { "type": "Polygon", "coordinates": [ [ [ -73.916351327017296, 40.821919082215622 ], [ -73.915721008177314, 40.821724225883663 ], [ -73.915951678252014, 40.821267529177568 ], [ -73.916600772699667, 40.821456297884374 ], [ -73.916351327017296, 40.821919082215622 ] ] ] } },
{ "type": "Feature", "properties": { "facility_id": "6313" }, "geometry": { "type": "Polygon", "coordinates": [ [ [ -73.900853337110945, 40.825943264441968 ], [ -73.900976717751647, 40.825644908272253 ], [ -73.901655316951135, 40.825789012742185 ], [ -73.901529253630983, 40.826077218748765 ], [ -73.900853337110945, 40.825943264441968 ] ] ] } },
{ "type": "Feature", "properties": { "facility_id": "6318" }, "geometry": { "type": "Polygon", "coordinates": [ [ [ -73.96586687655379, 40.799244494099973 ], [ -73.965644253148426, 40.799150078143967 ], [ -73.965836030191056, 40.798889165921743 ], [ -73.966057313005706, 40.798978505902141 ], [ -73.96586687655379, 40.799244494099973 ] ] ] } },
{ "type": "Feature", "properties": { "facility_id": "6322" }, "geometry": { "type": "Polygon", "coordinates": [ [ [ -73.978610634967907, 40.781760326470845 ], [ -73.978442996766987, 40.781973579070765 ], [ -73.978265971700111, 40.78190249443287 ], [ -73.978432268190545, 40.781685180574023 ], [ -73.978610634967907, 40.781760326470845 ] ] ] } },
{ "type": "Feature", "properties": { "facility_id": "6323" }, "geometry": { "type": "Polygon", "coordinates": [ [ [ -73.916525687629388, 40.886054087248539 ], [ -73.915543999484328, 40.886498170089055 ], [ -73.915216770029275, 40.886084503451301 ], [ -73.916158224827228, 40.885605945139282 ], [ -73.916525687629388, 40.886054087248539 ] ] ] } },
{ "type": "Feature", "properties": { "facility_id": "6324" }, "geometry": { "type": "Polygon", "coordinates": [ [ [ -73.992886733782868, 40.719428315244045 ], [ -73.992626560241121, 40.719359196455237 ], [ -73.992776763582526, 40.719042066229434 ], [ -73.993039619498049, 40.719119316447816 ], [ -73.992886733782868, 40.719428315244045 ] ] ] } },
{ "type": "Feature", "properties": { "facility_id": "6325" }, "geometry": { "type": "Polygon", "coordinates": [ [ [ -73.967702641022669, 40.652408559966723 ], [ -73.96702136010822, 40.652666995213394 ], [ -73.9664929649458, 40.651899826835702 ], [ -73.967179609989131, 40.651637318686035 ], [ -73.967702641022669, 40.652408559966723 ] ] ] } },
{ "type": "Feature", "properties": { "facility_id": "6326" }, "geometry": { "type": "MultiPolygon", "coordinates": [ [ [ [ -73.855026126623898, 40.755425957464531 ], [ -73.855496605221191, 40.756329073074319 ], [ -73.854809960279525, 40.756552565445162 ], [ -73.85435398543504, 40.755650464050987 ], [ -73.855026126623898, 40.755425957464531 ] ] ], [ [ [ -73.855035265840939, 40.755422904542485 ], [ -73.855026126623898, 40.755425957464531 ], [ -73.855024536962787, 40.755422904547885 ], [ -73.855029901400883, 40.755422904995541 ], [ -73.855035265840939, 40.755422904542485 ] ] ] ] } },
{ "type": "Feature", "properties": { "facility_id": "6327" }, "geometry": { "type": "Polygon", "coordinates": [ [ [ -74.007355996888634, 40.671095736129743 ], [ -74.006697612771475, 40.670978116811675 ], [ -74.007130818897437, 40.669917483569179 ], [ -74.007439011059063, 40.669983887873364 ], [ -74.007726848277784, 40.670077840387776 ], [ -74.007355996888634, 40.671095736129743 ] ] ] } },
{ "type": "Feature", "properties": { "facility_id": "6328" }, "geometry": { "type": "Polygon", "coordinates": [ [ [ -74.070964498022988, 40.597631299102176 ], [ -74.070660067641043, 40.59772905562965 ], [ -74.070578259636989, 40.597584457630454 ], [ -74.070885372640717, 40.597484664481783 ], [ -74.070964498022988, 40.597631299102176 ] ] ] } },
{ "type": "Feature", "properties": { "facility_id": "6350" }, "geometry": { "type": "Polygon", "coordinates": [ [ [ -73.96710206922333, 40.650074901377813 ], [ -73.96762542858292, 40.649871983174933 ], [ -73.967917668312694, 40.650309224924307 ], [ -73.968209107270894, 40.650745261695143 ], [ -73.967685742837034, 40.650948180732982 ], [ -73.967394305230584, 40.650512142645631 ], [ -73.96710206922333, 40.650074901377813 ] ] ] } },
{ "type": "Feature", "properties": { "facility_id": "6354" }, "geometry": { "type": "Polygon", "coordinates": [ [ [ -74.008482524322787, 40.670245369468795 ], [ -74.008035207686703, 40.671266190662557 ], [ -74.007392109365895, 40.671125875863609 ], [ -74.00780224059929, 40.670094966704866 ], [ -74.008482524322787, 40.670245369468795 ] ] ] } },
{ "type": "Feature", "properties": { "facility_id": "6362" }, "geometry": { "type": "Polygon", "coordinates": [ [ [ -73.868653118424916, 40.828280989988635 ], [ -73.869181110979525, 40.828211833220294 ], [ -73.869303529427356, 40.82871983015098 ], [ -73.868776159048124, 40.82878832001834 ], [ -73.868653118424916, 40.828280989988635 ] ] ] } },
{ "type": "Feature", "properties": { "facility_id": "6368" }, "geometry": { "type": "Polygon", "coordinates": [ [ [ -73.934066382095921, 40.784466907599402 ], [ -73.933455696654917, 40.784198961731569 ], [ -73.933992669717838, 40.783480206429324 ], [ -73.934606427223883, 40.783749542502228 ], [ -73.934066382095921, 40.784466907599402 ] ] ] } },
{ "type": "Feature", "properties": { "facility_id": "6369" }, "geometry": { "type": "Polygon", "coordinates": [ [ [ -74.00507247275992, 40.673171989163379 ], [ -74.005960442670286, 40.673397132088553 ], [ -74.005766046909216, 40.673823326047355 ], [ -74.004887553101199, 40.673601036764168 ], [ -74.00507247275992, 40.673171989163379 ] ] ] } },
{ "type": "Feature", "properties": { "facility_id": "6371" }, "geometry": { "type": "Polygon", "coordinates": [ [ [ -73.972916547212492, 40.72213183124169 ], [ -73.973147805286075, 40.721160314834513 ], [ -73.973868921386824, 40.721261626899093 ], [ -73.973639121214305, 40.72223268040991 ], [ -73.972916547212492, 40.72213183124169 ] ] ] } },
{ "type": "Feature", "properties": { "facility_id": "6372" }, "geometry": { "type": "Polygon", "coordinates": [ [ [ -73.976525131027373, 40.717850108927429 ], [ -73.976224656444359, 40.717757835942649 ], [ -73.976500622658392, 40.717214975989911 ], [ -73.97680604230645, 40.717307249257892 ], [ -73.976525131027373, 40.717850108927429 ] ] ] } },
{ "type": "Feature", "properties": { "facility_id": "6388" }, "geometry": { "type": "Polygon", "coordinates": [ [ [ -74.007557955191743, 40.672408704881789 ], [ -74.006273292908659, 40.672064616003503 ], [ -74.006345309802299, 40.671901073087483 ], [ -74.006426422982017, 40.671716872696209 ], [ -74.007711085271112, 40.672060964381146 ], [ -74.007557955191743, 40.672408704881789 ] ] ] } },
{ "type": "Feature", "properties": { "facility_id": "6389" }, "geometry": { "type": "Polygon", "coordinates": [ [ [ -73.971362859341539, 40.804456266617002 ], [ -73.970749973286445, 40.804214281139345 ], [ -73.971324878441763, 40.803373528213953 ], [ -73.97194366775004, 40.803617843497044 ], [ -73.971362859341539, 40.804456266617002 ] ] ] } },
{ "type": "Feature", "properties": { "facility_id": "6390" }, "geometry": { "type": "Polygon", "coordinates": [ [ [ -74.001930913086923, 40.750256971249335 ], [ -74.00172407901141, 40.750540755462751 ], [ -74.00088645541372, 40.750187671180228 ], [ -74.001093291961183, 40.749903889357014 ], [ -74.001930913086923, 40.750256971249335 ] ] ] } },
{ "type": "Feature", "properties": { "facility_id": "6392" }, "geometry": { "type": "Polygon", "coordinates": [ [ [ -73.892341770130983, 40.840981329055424 ], [ -73.891837515062463, 40.840697244977399 ], [ -73.89260999104566, 40.839958621698976 ], [ -73.893082060021527, 40.840250825678524 ], [ -73.892341770130983, 40.840981329055424 ] ] ] } },
{ "type": "Feature", "properties": { "facility_id": "6394" }, "geometry": { "type": "Polygon", "coordinates": [ [ [ -73.97390521083544, 40.718428020819104 ], [ -73.974460059214792, 40.718537683271251 ], [ -73.974122095326749, 40.719385032630008 ], [ -73.973844666954776, 40.719335013254629 ], [ -73.973567238516381, 40.719277257830733 ], [ -73.97390521083544, 40.718428020819104 ] ] ] } },
{ "type": "Feature", "properties": { "facility_id": "6418" }, "geometry": { "type": "Polygon", "coordinates": [ [ [ -73.89767879461894, 40.865612786318067 ], [ -73.897464951790582, 40.865898934235702 ], [ -73.896856274670739, 40.865636776050586 ], [ -73.897070120461322, 40.865350629248653 ], [ -73.89767879461894, 40.865612786318067 ] ] ] } },
{ "type": "Feature", "properties": { "facility_id": "6421" }, "geometry": { "type": "Polygon", "coordinates": [ [ [ -73.791522176820891, 40.869967971108444 ], [ -73.791527390431042, 40.86998573370844 ], [ -73.791525288512219, 40.87000386129823 ], [ -73.791516067356284, 40.870020659507837 ], [ -73.79150058954464, 40.870034555835844 ], [ -73.791036635642655, 40.870268648418048 ], [ -73.791000104909699, 40.870269079331386 ], [ -73.790968774633853, 40.870254812834425 ], [ -73.790854599963765, 40.870121086550348 ], [ -73.79085482617927, 40.870095930842652 ], [ -73.790873738237224, 40.87007527273429 ], [ -73.791343299071883, 40.869832755138567 ], [ -73.791379532558054, 40.869832087650906 ], [ -73.791411090418237, 40.869845617847318 ], [ -73.791522176820891, 40.869967971108444 ] ] ] } },
{ "type": "Feature", "properties": { "facility_id": "6427" }, "geometry": { "type": "Polygon", "coordinates": [ [ [ -73.908307560430799, 40.877672488847189 ], [ -73.908296958477322, 40.877677989607328 ], [ -73.908282829516423, 40.877680837428173 ], [ -73.908249430330784, 40.877658653479095 ], [ -73.907863329515152, 40.877324551272423 ], [ -73.908388877259654, 40.876975896450077 ], [ -73.908623970480477, 40.877213861142536 ], [ -73.908631484938624, 40.877227685977878 ], [ -73.908638360024227, 40.877250087452779 ], [ -73.908634206503436, 40.877266515365456 ], [ -73.908307560430799, 40.877672488847189 ] ] ] } },
{ "type": "Feature", "properties": { "facility_id": "6435" }, "geometry": { "type": "Polygon", "coordinates": [ [ [ -74.145614280523034, 40.623152910877849 ], [ -74.145659393113959, 40.623108485039324 ], [ -74.146345861914099, 40.623150500562971 ], [ -74.146068761105951, 40.623700050345064 ], [ -74.145571534533659, 40.623686385246735 ], [ -74.145572534306837, 40.623427868611891 ], [ -74.145614280523034, 40.623152910877849 ] ] ] } },
{ "type": "Feature", "properties": { "facility_id": "6437" }, "geometry": { "type": "Polygon", "coordinates": [ [ [ -74.100707101556694, 40.586632850685021 ], [ -74.099742858025692, 40.587296246889039 ], [ -74.099364831736111, 40.586976158089449 ], [ -74.100332669541999, 40.586334485240059 ], [ -74.100707101556694, 40.586632850685021 ] ] ] } },
{ "type": "Feature", "properties": { "facility_id": "6440" }, "geometry": { "type": "Polygon", "coordinates": [ [ [ -73.827745761146957, 40.665464948868333 ], [ -73.82773354777504, 40.665901110702315 ], [ -73.826441979571072, 40.665885098770772 ], [ -73.826450429470682, 40.665444616102029 ], [ -73.827745761146957, 40.665464948868333 ] ] ] } },
{ "type": "Feature", "properties": { "facility_id": "6442" }, "geometry": { "type": "Polygon", "coordinates": [ [ [ -73.77948062042806, 40.771408834951757 ], [ -73.779861278593984, 40.772149486965994 ], [ -73.779347946939865, 40.772299717126288 ], [ -73.778964829202408, 40.771558911022396 ], [ -73.77948062042806, 40.771408834951757 ] ] ] } },
{ "type": "Feature", "properties": { "facility_id": "6445" }, "geometry": { "type": "Polygon", "coordinates": [ [ [ -73.947965499341535, 40.757744010045492 ], [ -73.947147415035914, 40.757318582974897 ], [ -73.947198786831066, 40.757284634974951 ], [ -73.947255701117044, 40.757256254611804 ], [ -73.947317121288236, 40.757233958293256 ], [ -73.947381929119416, 40.757218152529738 ], [ -73.947448946088912, 40.757209124039065 ], [ -73.947516951141765, 40.757207037954103 ], [ -73.947584705561709, 40.757211931530705 ], [ -73.947650977836375, 40.757223716860636 ], [ -73.94771456023561, 40.757242179077998 ], [ -73.947774296043931, 40.757266980873894 ], [ -73.947829097314667, 40.757297672409365 ], [ -73.947877966183597, 40.757333693125751 ], [ -73.947920012618098, 40.757374389761885 ], [ -73.947954473362358, 40.757419019063477 ], [ -73.947979068659734, 40.757463146821038 ], [ -73.947996236078069, 40.757509262236972 ], [ -73.948005706158625, 40.757556645689377 ], [ -73.948007331432578, 40.757604557798814 ], [ -73.94800108759884, 40.757652249334456 ], [ -73.947987069960817, 40.757698976520707 ], [ -73.947965499341535, 40.757744010045492 ] ] ] } },
{ "type": "Feature", "properties": { "facility_id": "6448" }, "geometry": { "type": "Polygon", "coordinates": [ [ [ -73.949019199555792, 40.747090813116543 ], [ -73.949078617672569, 40.747086229708152 ], [ -73.949138278149107, 40.747088325432827 ], [ -73.949196886866886, 40.747097055594537 ], [ -73.949253179418804, 40.747112229630886 ], [ -73.949305935308274, 40.74713352102475 ], [ -73.949354012285355, 40.747160467318807 ], [ -73.949396372381784, 40.747192487236163 ], [ -73.949432096114847, 40.747228886088877 ], [ -73.94946041325656, 40.747268877402902 ], [ -73.949480708744886, 40.747311595527229 ], [ -73.949492545165995, 40.747356116354609 ], [ -73.94949566511022, 40.747401475332332 ], [ -73.949490000627947, 40.747446691779743 ], [ -73.949475675585944, 40.747490786899412 ], [ -73.94945299973125, 40.747532807187788 ], [ -73.949422462758704, 40.747571842442994 ], [ -73.949384727191074, 40.747607048274972 ], [ -73.948929436901352, 40.747518096087866 ], [ -73.94889440757369, 40.747471880067572 ], [ -73.949019199555792, 40.747090813116543 ] ] ] } },
{ "type": "Feature", "properties": { "facility_id": "6450" }, "geometry": { "type": "Polygon", "coordinates": [ [ [ -73.949466082170176, 40.747595580027593 ], [ -73.948928419276896, 40.747492512248655 ], [ -73.94900532858864, 40.747257589782016 ], [ -73.949544374254572, 40.747361711404466 ], [ -73.949466082170176, 40.747595580027593 ] ] ] } },
{ "type": "Feature", "properties": { "facility_id": "6452" }, "geometry": { "type": "Polygon", "coordinates": [ [ [ -73.756200158250422, 40.674635909873814 ], [ -73.756949905861802, 40.674674674066232 ], [ -73.756872200403862, 40.675579157106526 ], [ -73.756114569440982, 40.67554928815283 ], [ -73.756200158250422, 40.674635909873814 ] ] ] } },
{ "type": "Feature", "properties": { "facility_id": "6456" }, "geometry": { "type": "Polygon", "coordinates": [ [ [ -73.822946057647115, 40.749250875274356 ], [ -73.82256911104686, 40.749467293322425 ], [ -73.822425057676398, 40.749450700096141 ], [ -73.822160852306681, 40.749171279103642 ], [ -73.822175940549357, 40.749126719151235 ], [ -73.822199768423303, 40.749084423957612 ], [ -73.822231782683403, 40.7490453787197 ], [ -73.822271237283459, 40.749010493593701 ], [ -73.822317211200868, 40.748980580309912 ], [ -73.822368635714298, 40.748956336006572 ], [ -73.822424313396795, 40.748938325249902 ], [ -73.822482945379761, 40.748926968370228 ], [ -73.822543166909995, 40.74892252800975 ], [ -73.822603575763594, 40.74892511006734 ], [ -73.822662764245038, 40.748934652041264 ], [ -73.822719354681084, 40.748950932989572 ], [ -73.822772029020982, 40.748973573575149 ], [ -73.822819558410487, 40.749002046016344 ], [ -73.822860837493252, 40.749035687646654 ], [ -73.822894904503812, 40.749073714452621 ], [ -73.822920966080801, 40.749115240922073 ], [ -73.822938414976448, 40.749159299881903 ], [ -73.822946844207095, 40.749204865031935 ], [ -73.822946057647115, 40.749250875274356 ] ] ] } },
{ "type": "Feature", "properties": { "facility_id": "6457" }, "geometry": { "type": "Polygon", "coordinates": [ [ [ -73.884412077025303, 40.720412655403244 ], [ -73.883851238118666, 40.720317239313232 ], [ -73.884121927627476, 40.719356514253327 ], [ -73.884682767475311, 40.719446936615149 ], [ -73.884412077025303, 40.720412655403244 ] ] ] } },
{ "type": "Feature", "properties": { "facility_id": "6467" }, "geometry": { "type": "Polygon", "coordinates": [ [ [ -73.746104658620283, 40.661463605552086 ], [ -73.745476651709154, 40.661532377217654 ], [ -73.74528218612862, 40.660523550563092 ], [ -73.745910188273925, 40.660453590373933 ], [ -73.746104658620283, 40.661463605552086 ] ] ] } },
{ "type": "Feature", "properties": { "facility_id": "6470" }, "geometry": { "type": "Polygon", "coordinates": [ [ [ -73.763851966049344, 40.593202976881564 ], [ -73.763180090898516, 40.593272359332268 ], [ -73.762992663625823, 40.59225517797541 ], [ -73.763664911134995, 40.59218389188684 ], [ -73.763851966049344, 40.593202976881564 ] ] ] } },
{ "type": "Feature", "properties": { "facility_id": "6471" }, "geometry": { "type": "Polygon", "coordinates": [ [ [ -73.964319421123378, 40.714975463957039 ], [ -73.964345473813367, 40.714989671276641 ], [ -73.96429775758007, 40.715063639721137 ], [ -73.964221170318979, 40.71519013044891 ], [ -73.963833547871118, 40.715056772513904 ], [ -73.963966867575436, 40.714859358502927 ], [ -73.964319421123378, 40.714975463957039 ] ] ] } },
{ "type": "Feature", "properties": { "facility_id": "6473" }, "geometry": { "type": "Polygon", "coordinates": [ [ [ -73.970343033886209, 40.587400384416732 ], [ -73.969881092430541, 40.58744196029285 ], [ -73.969847318612878, 40.587243802963165 ], [ -73.970311757117727, 40.58720460975205 ], [ -73.970343033886209, 40.587400384416732 ] ] ] } },
{ "type": "Feature", "properties": { "facility_id": "6475" }, "geometry": { "type": "Polygon", "coordinates": [ [ [ -73.999782055219086, 40.690540503273674 ], [ -73.999816104378624, 40.690602827849112 ], [ -73.999681045992631, 40.690894101231606 ], [ -73.999680678065246, 40.690893508692959 ], [ -73.99963344211109, 40.69091338287685 ], [ -73.999582587199029, 40.690927140743128 ], [ -73.999529469125576, 40.690934414883223 ], [ -73.999475504024886, 40.69093501349117 ], [ -73.999422129326135, 40.690928918562719 ], [ -73.999370769442677, 40.690916293099335 ], [ -73.999322794362982, 40.690897473903746 ], [ -73.999279481791376, 40.690872963474426 ], [ -73.999241987570485, 40.690843413795726 ], [ -73.999211310188983, 40.690809613729577 ], [ -73.999188268304138, 40.690772464700899 ], [ -73.99917347589853, 40.690732955481977 ], [ -73.999167328085164, 40.690692141480326 ], [ -73.999169986912946, 40.690651109617768 ], [ -73.999181383735248, 40.690610954016748 ], [ -73.999201214480181, 40.69057274628323 ], [ -73.99922894793427, 40.690537503989155 ], [ -73.999263847039188, 40.690506166359448 ], [ -73.999304981906718, 40.690479569958683 ], [ -73.999351253480157, 40.690458423477956 ], [ -73.999401429025667, 40.690443290625936 ], [ -73.999782055219086, 40.690540503273674 ] ] ] } },
{ "type": "Feature", "properties": { "facility_id": "6476" }, "geometry": { "type": "Polygon", "coordinates": [ [ [ -73.999390436055762, 40.690453705903657 ], [ -73.999781112284893, 40.690553965043172 ], [ -73.999588258243364, 40.691012191525985 ], [ -73.999197612754102, 40.690911166301625 ], [ -73.999390436055762, 40.690453705903657 ] ] ] } },
{ "type": "Feature", "properties": { "facility_id": "6477" }, "geometry": { "type": "Polygon", "coordinates": [ [ [ -73.948704477141831, 40.697262893722367 ], [ -73.948718317289277, 40.697263617598445 ], [ -73.948731803504018, 40.697266095513655 ], [ -73.948744554860909, 40.697270257058477 ], [ -73.948756209401267, 40.697275985005454 ], [ -73.94876643951261, 40.697283117116719 ], [ -73.948774956656877, 40.697291451549411 ], [ -73.948781519646758, 40.697300754963877 ], [ -73.94878594411071, 40.697310762527707 ], [ -73.948811906987657, 40.697448682170382 ], [ -73.948810734028186, 40.697458496334818 ], [ -73.9488076042947, 40.697468059286365 ], [ -73.948802592499064, 40.697477145930023 ], [ -73.948795815938553, 40.697485542896231 ], [ -73.948787433309207, 40.69749305304309 ], [ -73.948777641152404, 40.697499500857738 ], [ -73.948766669120545, 40.697504734255475 ], [ -73.948754776422803, 40.697508630881643 ], [ -73.948568848845071, 40.697528902231696 ], [ -73.948554942976287, 40.697528947346008 ], [ -73.948541236113101, 40.697527158203634 ], [ -73.948528145875656, 40.697523588121562 ], [ -73.948516064994621, 40.697518345337279 ], [ -73.948505360131165, 40.697511589405806 ], [ -73.948496356501323, 40.697503523088415 ], [ -73.948489324862209, 40.697494391446043 ], [ -73.948484479153919, 40.69748447103219 ], [ -73.948458426226182, 40.697346046988649 ], [ -73.948458487977774, 40.697336570922744 ], [ -73.948460507777511, 40.697327220904945 ], [ -73.948464434568734, 40.697318229244502 ], [ -73.948470171158334, 40.697309819224806 ], [ -73.948477574220149, 40.697302200600873 ], [ -73.948486459033489, 40.697295562397308 ], [ -73.948496605399583, 40.69729007201061 ], [ -73.948507761200119, 40.697285863503993 ], [ -73.948519647125053, 40.697283043913274 ], [ -73.948704477141831, 40.697262893722367 ] ] ] } },
{ "type": "Feature", "properties": { "facility_id": "6478" }, "geometry": { "type": "Polygon", "coordinates": [ [ [ -73.958197735864758, 40.692261187883823 ], [ -73.957770739855135, 40.692306181016505 ], [ -73.957684126965816, 40.691897263126656 ], [ -73.958110756389871, 40.691851695653135 ], [ -73.958197735864758, 40.692261187883823 ] ] ] } },
{ "type": "Feature", "properties": { "facility_id": "6481" }, "geometry": { "type": "Polygon", "coordinates": [ [ [ -74.037915197247926, 40.61310861599047 ], [ -74.038446615679334, 40.613745804028611 ], [ -74.038065521832323, 40.613889761193299 ], [ -74.037606251583369, 40.613220115552217 ], [ -74.037915197247926, 40.61310861599047 ] ] ] } },
{ "type": "Feature", "properties": { "facility_id": "6484" }, "geometry": { "type": "Polygon", "coordinates": [ [ [ -73.986612438145187, 40.607967888387087 ], [ -73.986414506332096, 40.607989482182468 ], [ -73.986410586980057, 40.607989634807815 ], [ -73.986406684267308, 40.607989310158551 ], [ -73.986402900990399, 40.607988516351526 ], [ -73.986399330490414, 40.607987274109888 ], [ -73.986396063743172, 40.607985614962502 ], [ -73.986393185814123, 40.607983581244142 ], [ -73.986390768769553, 40.607981225193562 ], [ -73.986388874039847, 40.607978605351938 ], [ -73.986387550056293, 40.607975789264209 ], [ -73.986386723843594, 40.607971388317409 ], [ -73.986312450091432, 40.607575943356792 ], [ -73.986311583758933, 40.607571328080368 ], [ -73.986311975243879, 40.607569463146739 ], [ -73.98631252140126, 40.607568155654405 ], [ -73.986313276685138, 40.607566911223508 ], [ -73.986314231639099, 40.607565747863305 ], [ -73.986315764428525, 40.607564372048756 ], [ -73.986317573664067, 40.607563206989191 ], [ -73.986319609712751, 40.607562285097437 ], [ -73.986321817035673, 40.607561629780413 ], [ -73.986325968013603, 40.607561177311943 ], [ -73.986535992303786, 40.607538263119764 ], [ -73.986539006461314, 40.607538502111019 ], [ -73.986541926016358, 40.607539119310189 ], [ -73.986544670625094, 40.607540097598019 ], [ -73.98654716467243, 40.60754140814889 ], [ -73.986549338451908, 40.607543017635436 ], [ -73.986551132894348, 40.607544878323061 ], [ -73.986552496020167, 40.607546940677032 ], [ -73.98655339121207, 40.6075491470597 ], [ -73.986629091016027, 40.607952176224146 ], [ -73.986629114150858, 40.607954657163766 ], [ -73.986628581947173, 40.607957104719496 ], [ -73.986627508598346, 40.60795944685124 ], [ -73.986625924839402, 40.607961615122875 ], [ -73.986623880309722, 40.607963544702685 ], [ -73.98662143173668, 40.607965179764875 ], [ -73.986618653569707, 40.607966472590455 ], [ -73.986615624982846, 40.607967384466193 ], [ -73.986612438145187, 40.607967888387087 ] ] ] } },
{ "type": "Feature", "properties": { "facility_id": "6490" }, "geometry": { "type": "Polygon", "coordinates": [ [ [ -73.978651213007211, 40.676633887869428 ], [ -73.978545198870833, 40.676786966459794 ], [ -73.978341944316497, 40.676707335484586 ], [ -73.978447025160719, 40.67655184172461 ], [ -73.978651213007211, 40.676633887869428 ] ] ] } },
{ "type": "Feature", "properties": { "facility_id": "6492" }, "geometry": { "type": "Polygon", "coordinates": [ [ [ -73.926510534650006, 40.688140066319015 ], [ -73.925785100430303, 40.688221092752848 ], [ -73.925683941206017, 40.687706463989336 ], [ -73.926410939376396, 40.687623666980485 ], [ -73.926510534650006, 40.688140066319015 ] ] ] } },
{ "type": "Feature", "properties": { "facility_id": "6494" }, "geometry": { "type": "Polygon", "coordinates": [ [ [ -73.898372080390061, 40.618591705305818 ], [ -73.897931009287419, 40.618561405515379 ], [ -73.89801516766822, 40.61786945125575 ], [ -73.898456038087843, 40.617899735243292 ], [ -73.898372080390061, 40.618591705305818 ] ] ] } },
{ "type": "Feature", "properties": { "facility_id": "6496" }, "geometry": { "type": "Polygon", "coordinates": [ [ [ -73.996459648391834, 40.579907843316505 ], [ -73.996274754100455, 40.578924686757951 ], [ -73.996845153322141, 40.578862762189488 ], [ -73.997035242055119, 40.579844601403479 ], [ -73.996459648391834, 40.579907843316505 ] ] ] } },
{ "type": "Feature", "properties": { "facility_id": "6497" }, "geometry": { "type": "Polygon", "coordinates": [ [ [ -73.932479391288993, 40.691237418632141 ], [ -73.932477631929146, 40.691246909911136 ], [ -73.932473888917002, 40.691256062333707 ], [ -73.932468258322388, 40.691264636419376 ], [ -73.932460888253644, 40.691272408927595 ], [ -73.932451970572615, 40.691279176454564 ], [ -73.9324417373373, 40.691284763536089 ], [ -73.932430456068531, 40.691289023545217 ], [ -73.932426846695876, 40.691290041707532 ], [ -73.932078729489277, 40.691329388222734 ], [ -73.932069627368179, 40.691329027147539 ], [ -73.932060628933428, 40.691327920507824 ], [ -73.932049129807467, 40.691325354459742 ], [ -73.932038223449993, 40.691321575769081 ], [ -73.932028129834933, 40.691316659308548 ], [ -73.932017199962516, 40.691309258737313 ], [ -73.932008112289736, 40.691300532797285 ], [ -73.932001139835521, 40.691290744600103 ], [ -73.931965633585349, 40.6911158394173 ], [ -73.931965641489242, 40.691105774383992 ], [ -73.931967908884928, 40.691095857470103 ], [ -73.931972368037606, 40.691086382202798 ], [ -73.931978888528036, 40.691077624962432 ], [ -73.931987278435699, 40.69106984498297 ], [ -73.931997291450884, 40.6910632708489 ], [ -73.932008632795885, 40.691058095095556 ], [ -73.932020968693635, 40.691054469712107 ], [ -73.932033937019028, 40.691052502545944 ], [ -73.93211711558277, 40.691043112459042 ], [ -73.932348868923071, 40.691016948535562 ], [ -73.932362777307802, 40.691015429440085 ], [ -73.932376823466967, 40.691015710550182 ], [ -73.932390607535652, 40.69101778442672 ], [ -73.932403737983421, 40.691021591405956 ], [ -73.932415842256631, 40.691027024108173 ], [ -73.932426573877237, 40.691033927442021 ], [ -73.932435630181615, 40.691042104918232 ], [ -73.932442752315467, 40.691051324052808 ], [ -73.932447738240043, 40.691061323578616 ], [ -73.932478872619242, 40.691226218643216 ], [ -73.932479479783552, 40.691231809386352 ], [ -73.932479391288993, 40.691237418632141 ] ] ] } },
{ "type": "Feature", "properties": { "facility_id": "6498" }, "geometry": { "type": "Polygon", "coordinates": [ [ [ -73.914635675316646, 40.675123622687629 ], [ -73.91464822054408, 40.675132313862917 ], [ -73.914658647877175, 40.675142498321293 ], [ -73.914666656083412, 40.675153882271914 ], [ -73.914672011395339, 40.67516613505277 ], [ -73.914653087539563, 40.675370872978434 ], [ -73.914649361543482, 40.675378452553041 ], [ -73.914644534849003, 40.675385663900734 ], [ -73.91463653265788, 40.675394511830056 ], [ -73.91462688178008, 40.675402348157291 ], [ -73.91461579889021, 40.675408996541897 ], [ -73.914603533747581, 40.675414306782727 ], [ -73.914590362093818, 40.675418159315647 ], [ -73.914576582100921, 40.675420467912204 ], [ -73.914404961692128, 40.675411273074531 ], [ -73.914392769978022, 40.675409123479035 ], [ -73.914381191643955, 40.675405508299811 ], [ -73.914370525811378, 40.675400523214329 ], [ -73.914361052634078, 40.675394297204996 ], [ -73.914353017922394, 40.675386992547921 ], [ -73.914346630784124, 40.675378799407724 ], [ -73.914342056535006, 40.675369930429348 ], [ -73.914339415520658, 40.675360617135098 ], [ -73.914338776030419, 40.675351101814499 ], [ -73.914339476506342, 40.675343524499972 ], [ -73.91435680727092, 40.675156024903643 ], [ -73.914360706272831, 40.675146369779263 ], [ -73.91436645088028, 40.675137265342777 ], [ -73.914373913092803, 40.67512891411458 ], [ -73.914382925900611, 40.675121501476198 ], [ -73.914386055873877, 40.675119387594307 ], [ -73.914398510841551, 40.675112674514864 ], [ -73.914412290671365, 40.675107683304383 ], [ -73.914426989482934, 40.675104561345023 ], [ -73.914433597432108, 40.675103809826737 ], [ -73.914611886268247, 40.675113362573803 ], [ -73.914612816747621, 40.675113647827203 ], [ -73.914624681441069, 40.675118057450234 ], [ -73.914635675316646, 40.675123622687629 ] ] ] } },
{ "type": "Feature", "properties": { "facility_id": "6499" }, "geometry": { "type": "Polygon", "coordinates": [ [ [ -73.918248505211977, 40.695071767150779 ], [ -73.917992897239813, 40.695334255945831 ], [ -73.917818753730188, 40.695236598963085 ], [ -73.918076181469047, 40.694973306788029 ], [ -73.918248505211977, 40.695071767150779 ] ] ] } },
{ "type": "Feature", "properties": { "facility_id": "6501" }, "geometry": { "type": "Polygon", "coordinates": [ [ [ -73.94085989576179, 40.662740148685216 ], [ -73.940812280487251, 40.662290617011401 ], [ -73.941672341893323, 40.662235136056566 ], [ -73.941721373954323, 40.66268574420917 ], [ -73.94085989576179, 40.662740148685216 ] ] ] } },
{ "type": "Feature", "properties": { "facility_id": "6502" }, "geometry": { "type": "Polygon", "coordinates": [ [ [ -73.920106772032156, 40.636829458555027 ], [ -73.919674159083925, 40.637048162532381 ], [ -73.919495140194186, 40.636842657723122 ], [ -73.919927752396859, 40.636623954414425 ], [ -73.920106772032156, 40.636829458555027 ] ] ] } },
{ "type": "Feature", "properties": { "facility_id": "6504" }, "geometry": { "type": "Polygon", "coordinates": [ [ [ -74.036646912491605, 40.626739544824375 ], [ -74.036854250524698, 40.62622593545121 ], [ -74.038062517275208, 40.626509824219653 ], [ -74.037853684252468, 40.627023436251392 ], [ -74.036646912491605, 40.626739544824375 ] ] ] } },
{ "type": "Feature", "properties": { "facility_id": "6509" }, "geometry": { "type": "Polygon", "coordinates": [ [ [ -73.872011840804973, 40.670926580135323 ], [ -73.871460085860463, 40.671008546837477 ], [ -73.871247885622395, 40.67016833132719 ], [ -73.871818226865841, 40.670086386352089 ], [ -73.872011840804973, 40.670926580135323 ] ] ] } },
{ "type": "Feature", "properties": { "facility_id": "6511" }, "geometry": { "type": "Polygon", "coordinates": [ [ [ -73.960763723388339, 40.722292707460809 ], [ -73.961141530614242, 40.721940800291947 ], [ -73.961476734520517, 40.722152644345577 ], [ -73.961098544162311, 40.72250491177801 ], [ -73.960763723388339, 40.722292707460809 ] ] ] } },
{ "type": "Feature", "properties": { "facility_id": "6512" }, "geometry": { "type": "Polygon", "coordinates": [ [ [ -73.961265958518538, 40.722606578110714 ], [ -73.961646561699922, 40.722248580994979 ], [ -73.96198494841039, 40.722459618663351 ], [ -73.961603963325231, 40.722817975162698 ], [ -73.961265958518538, 40.722606578110714 ] ] ] } },
{ "type": "Feature", "properties": { "facility_id": "6517" }, "geometry": { "type": "Polygon", "coordinates": [ [ [ -73.931108285082146, 40.786783510180925 ], [ -73.930166761951796, 40.786379834998868 ], [ -73.930507167531744, 40.785913119077875 ], [ -73.93145277902039, 40.786318350909411 ], [ -73.931108285082146, 40.786783510180925 ] ] ] } },
{ "type": "Feature", "properties": { "facility_id": "6518" }, "geometry": { "type": "Polygon", "coordinates": [ [ [ -73.930515408013392, 40.785864876079962 ], [ -73.930861949746799, 40.785399718843031 ], [ -73.931801414813549, 40.785803388095218 ], [ -73.93145897280553, 40.786270105729599 ], [ -73.930515408013392, 40.785864876079962 ] ] ] } },
{ "type": "Feature", "properties": { "facility_id": "6519" }, "geometry": { "type": "Polygon", "coordinates": [ [ [ -73.934668905102995, 40.785117465992528 ], [ -73.933976923780506, 40.784818414903384 ], [ -73.934616288029488, 40.783955331643341 ], [ -73.935310457085336, 40.784253426533532 ], [ -73.934668905102995, 40.785117465992528 ] ] ] } },
{ "type": "Feature", "properties": { "facility_id": "6520" }, "geometry": { "type": "Polygon", "coordinates": [ [ [ -73.93347515572421, 40.785252936218626 ], [ -73.932862610336585, 40.784983647123767 ], [ -73.933402868764745, 40.784267995189118 ], [ -73.934015801891334, 40.784536090303071 ], [ -73.93347515572421, 40.785252936218626 ] ] ] } },
{ "type": "Feature", "properties": { "facility_id": "6521" }, "geometry": { "type": "Polygon", "coordinates": [ [ [ -73.933541141844429, 40.785489039853481 ], [ -73.933896170593613, 40.78502485631796 ], [ -73.934835116599018, 40.78543841057666 ], [ -73.934481492414335, 40.785903946722243 ], [ -73.933541141844429, 40.785489039853481 ] ] ] } },
{ "type": "Feature", "properties": { "facility_id": "6522" }, "geometry": { "type": "Polygon", "coordinates": [ [ [ -73.927956829787732, 40.784294714174386 ], [ -73.927565785689779, 40.783764757924288 ], [ -73.928701174006349, 40.783279521880104 ], [ -73.929093209694443, 40.78380750552612 ], [ -73.927956829787732, 40.784294714174386 ] ] ] } },
{ "type": "Feature", "properties": { "facility_id": "6523" }, "geometry": { "type": "Polygon", "coordinates": [ [ [ -73.928735876440598, 40.783144213229214 ], [ -73.928040400225285, 40.783442391063502 ], [ -73.927403154375739, 40.782575730214845 ], [ -73.928099720994041, 40.782280131405905 ], [ -73.928735876440598, 40.783144213229214 ] ] ] } },
{ "type": "Feature", "properties": { "facility_id": "6524" }, "geometry": { "type": "Polygon", "coordinates": [ [ [ -73.928642572601305, 40.782852055205026 ], [ -73.928298911599768, 40.782381520557529 ], [ -73.92924971639934, 40.781974686003409 ], [ -73.929590016867834, 40.782446957359568 ], [ -73.928642572601305, 40.782852055205026 ] ] ] } },
{ "type": "Feature", "properties": { "facility_id": "6525" }, "geometry": { "type": "Polygon", "coordinates": [ [ [ -73.92824570135042, 40.782311439193258 ], [ -73.927716758848604, 40.781589662448177 ], [ -73.928331396562626, 40.781321767859289 ], [ -73.92886347672038, 40.782044972843529 ], [ -73.92824570135042, 40.782311439193258 ] ] ] } },
{ "type": "Feature", "properties": { "facility_id": "6526" }, "geometry": { "type": "Polygon", "coordinates": [ [ [ -73.926981649448436, 40.782595244340222 ], [ -73.926636197383488, 40.782125656303883 ], [ -73.927584968485547, 40.781722289396534 ], [ -73.927930189139971, 40.782192113103243 ], [ -73.926981649448436, 40.782595244340222 ] ] ] } },
{ "type": "Feature", "properties": { "facility_id": "6529" }, "geometry": { "type": "Polygon", "coordinates": [ [ [ -73.974293208815538, 40.745546897871016 ], [ -73.973811156191545, 40.745351654895202 ], [ -73.973969135267708, 40.745125106133152 ], [ -73.974453641328978, 40.745329255909404 ], [ -73.974293208815538, 40.745546897871016 ] ] ] } },
{ "type": "Feature", "properties": { "facility_id": "6536" }, "geometry": { "type": "Polygon", "coordinates": [ [ [ -73.971028572140412, 40.80378747551471 ], [ -73.971320597140448, 40.803361829670422 ], [ -73.97195510792524, 40.80361593722354 ], [ -73.971665740816434, 40.804043428631189 ], [ -73.971028572140412, 40.80378747551471 ] ] ] } },
{ "type": "Feature", "properties": { "facility_id": "6537" }, "geometry": { "type": "Polygon", "coordinates": [ [ [ -73.971028572140412, 40.80378747551471 ], [ -73.971665740816434, 40.804043428631189 ], [ -73.971369718058583, 40.804468425051347 ], [ -73.970731845986734, 40.804215369743773 ], [ -73.971028572140412, 40.80378747551471 ] ] ] } },
{ "type": "Feature", "properties": { "facility_id": "6540" }, "geometry": { "type": "Polygon", "coordinates": [ [ [ -73.973162250057541, 40.801547099771483 ], [ -73.972729638570001, 40.801374260920817 ], [ -73.973093271395982, 40.800848681853125 ], [ -73.973527869731953, 40.801022314050627 ], [ -73.973162250057541, 40.801547099771483 ] ] ] } },
{ "type": "Feature", "properties": { "facility_id": "6541" }, "geometry": { "type": "Polygon", "coordinates": [ [ [ -73.973883936369504, 40.800415214839894 ], [ -73.97359814207384, 40.800293528320367 ], [ -73.973946451714525, 40.799802147526336 ], [ -73.974230910790709, 40.799916275904231 ], [ -73.973883936369504, 40.800415214839894 ] ] ] } },
{ "type": "Feature", "properties": { "facility_id": "6542" }, "geometry": { "type": "Polygon", "coordinates": [ [ [ -73.924700571494, 40.794737851406282 ], [ -73.923624359808841, 40.794189799418454 ], [ -73.924018559895742, 40.793734232973051 ], [ -73.925097081944614, 40.794284043301552 ], [ -73.924700571494, 40.794737851406282 ] ] ] } },
{ "type": "Feature", "properties": { "facility_id": "6543" }, "geometry": { "type": "Polygon", "coordinates": [ [ [ -73.982389016506318, 40.709751031039254 ], [ -73.982455447879161, 40.710184885741199 ], [ -73.981386935127958, 40.710284374772144 ], [ -73.981312530884964, 40.709850931498714 ], [ -73.982389016506318, 40.709751031039254 ] ] ] } },
{ "type": "Feature", "properties": { "facility_id": "6544" }, "geometry": { "type": "Polygon", "coordinates": [ [ [ -73.981750473869894, 40.736159712509753 ], [ -73.981328230576054, 40.735981844067616 ], [ -73.981443210438343, 40.735823709172578 ], [ -73.981865452502532, 40.73600354120439 ], [ -73.981750473869894, 40.736159712509753 ] ] ] } },
{ "type": "Feature", "properties": { "facility_id": "6548" }, "geometry": { "type": "Polygon", "coordinates": [ [ [ -73.973142541023293, 40.730002931878836 ], [ -73.973561239550378, 40.730180988170275 ], [ -73.973436523947584, 40.730347656199115 ], [ -73.973011576905705, 40.730166565081461 ], [ -73.973142541023293, 40.730002931878836 ] ] ] } },
{ "type": "Feature", "properties": { "facility_id": "6550" }, "geometry": { "type": "Polygon", "coordinates": [ [ [ -73.946227471776439, 40.784097454150654 ], [ -73.945948299713805, 40.7844719484047 ], [ -73.94560025958765, 40.784322049247272 ], [ -73.945880033663784, 40.78394751018417 ], [ -73.946227471776439, 40.784097454150654 ] ] ] } },
{ "type": "Feature", "properties": { "facility_id": "6552" }, "geometry": { "type": "Polygon", "coordinates": [ [ [ -73.973019546389253, 40.721631215347116 ], [ -73.973775790529032, 40.721736224701004 ], [ -73.97365189016196, 40.722244286397498 ], [ -73.972899554407519, 40.722139873295632 ], [ -73.973019546389253, 40.721631215347116 ] ] ] } },
{ "type": "Feature", "properties": { "facility_id": "6553" }, "geometry": { "type": "Polygon", "coordinates": [ [ [ -73.973019546389253, 40.721631215347116 ], [ -73.973134828075715, 40.721146382724328 ], [ -73.973891849968197, 40.721252582879636 ], [ -73.973775790529032, 40.721736224701004 ], [ -73.973019546389253, 40.721631215347116 ] ] ] } },
{ "type": "Feature", "properties": { "facility_id": "6556" }, "geometry": { "type": "Polygon", "coordinates": [ [ [ -74.006559419737059, 40.729721923417294 ], [ -74.006265030003007, 40.729902779031711 ], [ -74.006087261883224, 40.729734486225361 ], [ -74.006387993855185, 40.729553753178735 ], [ -74.006559419737059, 40.729721923417294 ] ] ] } },
{ "type": "Feature", "properties": { "facility_id": "6557" }, "geometry": { "type": "Polygon", "coordinates": [ [ [ -74.006265030003007, 40.729902779031711 ], [ -74.006559419737059, 40.729721923417294 ], [ -74.006750882227934, 40.729909840375555 ], [ -74.00645512023975, 40.730078723390854 ], [ -74.006265030003007, 40.729902779031711 ] ] ] } },
{ "type": "Feature", "properties": { "facility_id": "6559" }, "geometry": { "type": "Polygon", "coordinates": [ [ [ -73.95143522651685, 40.820858861346558 ], [ -73.951749705886442, 40.820442769573738 ], [ -73.952511111303963, 40.820760192737616 ], [ -73.952188290544285, 40.821187327691511 ], [ -73.95143522651685, 40.820858861346558 ] ] ] } },
{ "type": "Feature", "properties": { "facility_id": "6561" }, "geometry": { "type": "Polygon", "coordinates": [ [ [ -73.966893287776557, 40.7974747654157 ], [ -73.967216508551545, 40.797032534184822 ], [ -73.96778641121746, 40.797249855753982 ], [ -73.967468472031072, 40.797716559332066 ], [ -73.967130977610367, 40.797578673647749 ], [ -73.966893287776557, 40.7974747654157 ] ] ] } },
{ "type": "Feature", "properties": { "facility_id": "6563" }, "geometry": { "type": "Polygon", "coordinates": [ [ [ -73.941878066364083, 40.802247080779097 ], [ -73.941606456094405, 40.802616266976223 ], [ -73.941282795709853, 40.802478769269065 ], [ -73.941554407213573, 40.802109583826471 ], [ -73.941878066364083, 40.802247080779097 ] ] ] } },
{ "type": "Feature", "properties": { "facility_id": "6564" }, "geometry": { "type": "Polygon", "coordinates": [ [ [ -73.993742405486245, 40.768070052620608 ], [ -73.99423130662197, 40.768279400192654 ], [ -73.994006990807151, 40.768571138383351 ], [ -73.993533082632268, 40.768366973109075 ], [ -73.993742405486245, 40.768070052620608 ] ] ] } },
{ "type": "Feature", "properties": { "facility_id": "6565" }, "geometry": { "type": "Polygon", "coordinates": [ [ [ -73.993742405486245, 40.768070052620608 ], [ -73.993945125495983, 40.767788362510416 ], [ -73.994444947091679, 40.767994005086287 ], [ -73.99423130662197, 40.768279400192654 ], [ -73.993742405486245, 40.768070052620608 ] ] ] } },
{ "type": "Feature", "properties": { "facility_id": "6569" }, "geometry": { "type": "Polygon", "coordinates": [ [ [ -73.96404193109862, 40.800747521757252 ], [ -73.963726879197011, 40.801182147097073 ], [ -73.963299664915297, 40.801003085407196 ], [ -73.963615591646004, 40.80056713686384 ], [ -73.96404193109862, 40.800747521757252 ] ] ] } },
{ "type": "Feature", "properties": { "facility_id": "6574" }, "geometry": { "type": "Polygon", "coordinates": [ [ [ -73.975836790327421, 40.736679635686755 ], [ -73.97554902062187, 40.737075797423415 ], [ -73.975429352907554, 40.73702557495546 ], [ -73.975563128781303, 40.736846832836818 ], [ -73.975718831028075, 40.736630511594107 ], [ -73.975836790327421, 40.736679635686755 ] ] ] } },
{ "type": "Feature", "properties": { "facility_id": "6577" }, "geometry": { "type": "Polygon", "coordinates": [ [ [ -74.086081519061693, 40.643482422709575 ], [ -74.085753916043046, 40.643604329331772 ], [ -74.085543320479729, 40.643250148313221 ], [ -74.085876141411731, 40.643128098808312 ], [ -74.086081519061693, 40.643482422709575 ] ] ] } },
{ "type": "Feature", "properties": { "facility_id": "6582" }, "geometry": { "type": "Polygon", "coordinates": [ [ [ -73.951567454836365, 40.719475146621335 ], [ -73.951724942097428, 40.720455503296719 ], [ -73.950971649515282, 40.72052555261493 ], [ -73.950814173169221, 40.719545194918425 ], [ -73.951567454836365, 40.719475146621335 ] ] ] } },
{ "type": "Feature", "properties": { "facility_id": "6586" }, "geometry": { "type": "Polygon", "coordinates": [ [ [ -74.015679524239673, 40.611933818084651 ], [ -74.014971503495573, 40.611745418984945 ], [ -74.015408775066149, 40.610787494728932 ], [ -74.016120393182348, 40.610975624993955 ], [ -74.015679524239673, 40.611933818084651 ] ] ] } },
{ "type": "Feature", "properties": { "facility_id": "6589" }, "geometry": { "type": "Polygon", "coordinates": [ [ [ -73.913018455861916, 40.696004969279215 ], [ -73.912846942462991, 40.696178559287269 ], [ -73.912310933833922, 40.695880255241022 ], [ -73.912483409051745, 40.695707201660788 ], [ -73.913018455861916, 40.696004969279215 ] ] ] } },
{ "type": "Feature", "properties": { "facility_id": "6698" }, "geometry": { "type": "Polygon", "coordinates": [ [ [ -73.928652305224972, 40.674677499734514 ], [ -73.928834220814863, 40.674687506362325 ], [ -73.928822469132598, 40.6748113478505 ], [ -73.928641093700463, 40.674801371256486 ], [ -73.928545041867395, 40.674796087753997 ], [ -73.928556794063098, 40.674672245393438 ], [ -73.928652305224972, 40.674677499734514 ] ] ] } },
{ "type": "Feature", "properties": { "facility_id": "6741" }, "geometry": { "type": "Polygon", "coordinates": [ [ [ -73.95814891328213, 40.619629406198229 ], [ -73.958161055275895, 40.619634647145176 ], [ -73.958171970885772, 40.619641271744818 ], [ -73.958181388401414, 40.619649117804826 ], [ -73.958189077494467, 40.61965799163 ], [ -73.958194848033628, 40.619667673424431 ], [ -73.958246203219602, 40.619956128828179 ], [ -73.958247174668031, 40.619961779947559 ], [ -73.958246981175392, 40.619966932655892 ], [ -73.958245774932479, 40.619972003949599 ], [ -73.958243582009587, 40.619976880372363 ], [ -73.958240453293797, 40.61998145027826 ], [ -73.958236458575755, 40.619985610132552 ], [ -73.958231690094891, 40.619989265414084 ], [ -73.958226254264886, 40.619992333313512 ], [ -73.958219999802026, 40.619994835388269 ], [ -73.958213307378486, 40.619996559253678 ], [ -73.958208148356249, 40.619997311113991 ], [ -73.958202910444328, 40.619997598276768 ], [ -73.958052000642411, 40.620012656745708 ], [ -73.957885947424657, 40.620029225946453 ], [ -73.957878821516758, 40.620028683923927 ], [ -73.957871913624444, 40.620027247763872 ], [ -73.957865412810662, 40.620024957158691 ], [ -73.957859503396037, 40.620021876112844 ], [ -73.95785434723355, 40.620018089334728 ], [ -73.957850087253902, 40.62001370313827 ], [ -73.957846842742399, 40.620008838237098 ], [ -73.957842712353425, 40.619988258026709 ], [ -73.957826888327418, 40.619873752833961 ], [ -73.957824565249467, 40.619860131608093 ], [ -73.957823609172578, 40.619854526417292 ], [ -73.957823474888528, 40.619842607077757 ], [ -73.957825892011215, 40.61983083095646 ], [ -73.957830797705512, 40.619819512311942 ], [ -73.957838058235808, 40.619808954570246 ], [ -73.957847480790051, 40.619799440423741 ], [ -73.95785430425461, 40.619794175780669 ], [ -73.957861792718944, 40.61978946520113 ], [ -73.958068067198425, 40.619645822044269 ], [ -73.958075377190355, 40.619639213988769 ], [ -73.958084079844667, 40.619633671756489 ], [ -73.958093912697336, 40.619629364549247 ], [ -73.958104575493223, 40.619626420131304 ], [ -73.958115747909673, 40.619624930238821 ], [ -73.958127089563646, 40.619624938873145 ], [ -73.958138257736266, 40.619626445909425 ], [ -73.95814891328213, 40.619629406198229 ] ] ] } },
{ "type": "Feature", "properties": { "facility_id": "6750" }, "geometry": { "type": "Polygon", "coordinates": [ [ [ -73.713590078559392, 40.741464728664873 ], [ -73.713307708392904, 40.741524290158836 ], [ -73.713297876148417, 40.741526363875558 ], [ -73.713130619479585, 40.741067643555617 ], [ -73.713422820033486, 40.741006008765275 ], [ -73.713590078559392, 40.741464728664873 ] ] ] } },
{ "type": "Feature", "properties": { "facility_id": "6751" }, "geometry": { "type": "Polygon", "coordinates": [ [ [ -73.713449190456316, 40.740992731495261 ], [ -73.713118861694255, 40.741062408408418 ], [ -73.713066209334329, 40.740917992713534 ], [ -73.713396536232167, 40.740848320449579 ], [ -73.713449190456316, 40.740992731495261 ] ] ] } }
]
}
